PRES,PRES_QC,TEMP,PSAL,FLU2,CNDC,DENS,SVEL,CCOMD003,DOX1-1,DOX2-1,CNDC-2,OXYOCPVL-1,SPAR,PAR,PSAL-2,TEMP-2,ATTNZS01,TEMP_QC,PSAL_QC,FLU2_QC,CNDC_QC,DENS_QC,SVEL_QC,CCOMD003_QC,DOX1-1_QC,DOX2-1_QC,CNDC-2_QC,OXYOCPVL-1_QC,SPAR_QC,PAR_QC,PSAL-2_QC,TEMP-2_QC,ATTNZS01_QC
1.0,1.0,3.735,34.254,0.221,31.694,27.207,1464.55,1.656,8.173,355.342,3.168,2.494,468.42,256.52,34.233,3.736,83.313,1.0,1.0,0.0,1.0,0.0,0.0,0.0,0.0,0.0,0.0,0.0,0.0,0.0,0.0,0.0,0.0
2.0,1.0,3.738,34.26,0.214,31.701,27.21,1464.58,1.529,8.178,355.578,3.168,2.494,466.69,169.02,34.236,3.737,87.947,1.0,1.0,0.0,1.0,0.0,0.0,0.0,0.0,0.0,0.0,0.0,0.0,0.0,0.0,0.0,0.0
3.0,1.0,3.739,34.261,0.219,31.704,27.211,1464.6,1.716,8.183,355.78,3.169,2.494,466.44,182.61,34.241,3.74,88.467,1.0,1.0,0.0,1.0,0.0,0.0,0.0,0.0,0.0,0.0,0.0,0.0,0.0,0.0,0.0,0.0
4.0,1.0,3.741,34.267,0.242,31.711,27.216,1464.63,1.376,8.198,356.421,3.169,2.496,464.39,144.99,34.245,3.741,89.302,1.0,1.0,0.0,1.0,0.0,0.0,0.0,0.0,0.0,0.0,0.0,0.0,0.0,0.0,0.0,0.0
5.0,1.0,3.736,34.259,0.258,31.701,27.21,1464.62,1.325,8.196,356.333,3.169,2.496,462.39,125.02,34.24,3.737,89.724,1.0,1.0,0.0,1.0,0.0,0.0,0.0,0.0,0.0,0.0,0.0,0.0,0.0,0.0,0.0,0.0
6.0,1.0,3.737,34.26,0.261,31.702,27.211,1464.64,0.965,8.203,356.644,3.168,2.497,462.42,103.14,34.233,3.735,89.788,1.0,1.0,0.0,1.0,0.0,0.0,0.0,0.0,0.0,0.0,0.0,0.0,0.0,0.0,0.0,0.0
7.0,1.0,3.736,34.257,0.258,31.699,27.209,1464.65,1.318,8.197,356.378,3.168,2.497,462.06,90.975,34.235,3.736,89.751,1.0,1.0,0.0,1.0,0.0,0.0,0.0,0.0,0.0,0.0,0.0,0.0,0.0,0.0,0.0,0.0
8.0,1.0,3.742,34.271,0.277,31.717,27.219,1464.71,1.408,8.2,356.497,3.17,2.497,460.39,79.929,34.251,3.743,89.787,1.0,1.0,0.0,1.0,0.0,0.0,0.0,0.0,0.0,0.0,0.0,0.0,0.0,0.0,0.0,0.0
9.0,1.0,3.736,34.258,0.293,31.702,27.209,1464.69,1.336,8.196,356.328,3.168,2.498,463.99,72.63,34.237,3.736,89.978,1.0,1.0,0.0,1.0,0.0,0.0,0.0,0.0,0.0,0.0,0.0,0.0,0.0,0.0,0.0,0.0
10.0,1.0,3.738,34.256,0.272,31.702,27.208,1464.71,1.344,8.188,355.976,3.169,2.493,466.44,67.341,34.236,3.74,90.002,1.0,1.0,0.0,1.0,0.0,0.0,0.0,0.0,0.0,0.0,0.0,0.0,0.0,0.0,0.0,0.0
11.0,1.0,3.783,34.358,0.292,31.827,27.284,1465.04,1.156,8.175,355.386,3.182,2.494,466.44,62.707,34.341,3.79,90.032,1.0,1.0,0.0,1.0,0.0,0.0,0.0,0.0,0.0,0.0,0.0,0.0,0.0,0.0,0.0,0.0
12.0,1.0,3.833,34.523,0.509,32.01,27.411,1465.48,1.493,8.172,355.237,3.199,2.496,466.44,53.118,34.499,3.833,89.951,1.0,1.0,0.0,1.0,0.0,0.0,0.0,0.0,0.0,0.0,0.0,0.0,0.0,0.0,0.0,0.0
13.0,1.0,3.838,34.563,0.703,32.049,27.442,1465.57,1.774,8.224,357.471,3.202,2.502,467.39,46.695,34.529,3.839,89.413,1.0,1.0,0.0,1.0,0.0,0.0,0.0,0.0,0.0,0.0,0.0,0.0,0.0,0.0,0.0,0.0
14.0,1.0,3.837,34.568,0.799,32.052,27.446,1465.59,1.67,8.353,363.092,3.203,2.518,468.42,41.553,34.547,3.838,89.077,1.0,1.0,0.0,1.0,0.0,0.0,0.0,0.0,0.0,0.0,0.0,0.0,0.0,0.0,0.0,0.0
15.0,1.0,3.83,34.649,0.772,32.114,27.511,1465.68,1.144,8.451,367.304,3.211,2.538,468.45,35.952,34.644,3.829,88.812,1.0,1.0,0.0,1.0,0.0,0.0,0.0,0.0,0.0,0.0,0.0,0.0,0.0,0.0,0.0,0.0
16.0,1.0,3.806,34.758,1.058,32.184,27.601,1465.74,0.848,8.458,367.588,3.217,2.548,468.45,31.563,34.739,3.804,88.539,1.0,1.0,0.0,1.0,0.0,0.0,0.0,0.0,0.0,0.0,0.0,0.0,0.0,0.0,0.0,0.0
17.0,1.0,3.792,34.778,1.363,32.189,27.618,1465.72,1.543,8.458,367.569,3.217,2.555,468.45,27.766,34.757,3.791,88.134,1.0,1.0,0.0,1.0,0.0,0.0,0.0,0.0,0.0,0.0,0.0,0.0,0.0,0.0,0.0,0.0
18.0,1.0,3.79,34.787,1.332,32.195,27.625,1465.74,1.659,8.503,369.528,3.218,2.563,469.19,24.238,34.765,3.79,87.657,1.0,1.0,0.0,1.0,0.0,0.0,0.0,0.0,0.0,0.0,0.0,0.0,0.0,0.0,0.0,0.0
19.0,1.0,3.814,34.812,1.462,32.238,27.642,1465.89,1.286,8.509,369.796,3.222,2.57,470.46,20.97,34.791,3.816,87.773,1.0,1.0,0.0,1.0,0.0,0.0,0.0,0.0,0.0,0.0,0.0,0.0,0.0,0.0,0.0,0.0
20.0,1.0,3.846,34.82,1.506,32.274,27.646,1466.05,1.198,8.502,369.468,3.226,2.577,470.92,18.566,34.797,3.849,87.558,1.0,1.0,0.0,1.0,0.0,0.0,0.0,0.0,0.0,0.0,0.0,0.0,0.0,0.0,0.0,0.0
21.0,1.0,3.858,34.86,1.773,32.318,27.677,1466.17,1.193,8.512,369.887,3.23,2.58,472.02,16.202,34.839,3.856,87.406,1.0,1.0,0.0,1.0,0.0,0.0,0.0,0.0,0.0,0.0,0.0,0.0,0.0,0.0,0.0,0.0
22.0,1.0,3.833,34.865,1.942,32.3,27.683,1466.09,1.498,8.491,368.991,3.228,2.578,470.46,13.906,34.843,3.832,87.376,1.0,1.0,0.0,1.0,0.0,0.0,0.0,0.0,0.0,0.0,0.0,0.0,0.0,0.0,0.0,0.0
23.0,1.0,3.815,34.866,1.893,32.285,27.685,1466.03,0.63,8.423,366.05,3.227,2.57,470.98,11.879,34.844,3.815,87.368,1.0,1.0,0.0,1.0,0.0,0.0,0.0,0.0,0.0,0.0,0.0,0.0,0.0,0.0,0.0,0.0
24.0,1.0,3.817,34.87,1.982,32.291,27.688,1466.06,1.227,8.344,362.614,3.227,2.559,0.0,10.121,34.848,3.818,87.371,1.0,1.0,0.0,1.0,0.0,0.0,0.0,0.0,0.0,0.0,0.0,0.0,0.0,0.0,0.0,0.0
25.0,1.0,3.814,34.877,2.116,32.294,27.694,1466.07,1.228,8.307,360.987,3.228,2.548,0.0,8.674,34.854,3.814,87.375,1.0,1.0,0.0,1.0,0.0,0.0,0.0,0.0,0.0,0.0,0.0,0.0,0.0,0.0,0.0,0.0
26.0,1.0,3.812,34.879,1.968,32.295,27.696,1466.08,1.029,8.251,358.545,3.228,2.536,472.47,7.424,34.857,3.812,87.312,1.0,1.0,0.0,1.0,0.0,0.0,0.0,0.0,0.0,0.0,0.0,0.0,0.0,0.0,0.0,0.0
27.0,1.0,3.792,34.879,2.315,32.278,27.699,1466.01,1.545,8.167,354.916,3.226,2.52,473.28,6.286,34.857,3.793,87.444,1.0,1.0,0.0,1.0,0.0,0.0,0.0,0.0,0.0,0.0,0.0,0.0,0.0,0.0,0.0,0.0
28.0,1.0,3.709,34.875,2.149,32.201,27.704,1465.68,0.775,8.118,352.784,3.218,2.505,474.48,5.372,34.853,3.705,87.561,1.0,1.0,0.0,1.0,0.0,0.0,0.0,0.0,0.0,0.0,0.0,0.0,0.0,0.0,0.0,0.0
29.0,1.0,3.704,34.877,2.148,32.198,27.706,1465.68,1.48,8.085,351.359,3.218,2.493,474.48,4.619,34.855,3.704,87.489,1.0,1.0,0.0,1.0,0.0,0.0,0.0,0.0,0.0,0.0,0.0,0.0,0.0,0.0,0.0,0.0
30.0,1.0,3.642,34.876,2.261,32.143,27.712,1465.43,0.946,8.087,351.416,3.212,2.484,474.48,3.975,34.854,3.639,87.826,1.0,1.0,0.0,1.0,0.0,0.0,0.0,0.0,0.0,0.0,0.0,0.0,0.0,0.0,0.0,0.0
31.0,1.0,3.582,34.873,1.948,32.088,27.714,1465.19,0.974,8.055,350.037,3.207,2.474,474.6,3.46,34.85,3.583,87.701,1.0,1.0,0.0,1.0,0.0,0.0,0.0,0.0,0.0,0.0,0.0,0.0,0.0,0.0,0.0,0.0
32.0,1.0,3.546,34.875,1.814,32.057,27.72,1465.06,1.578,8.014,348.267,3.204,2.463,476.41,3.027,34.853,3.545,87.804,1.0,1.0,0.0,1.0,0.0,0.0,0.0,0.0,0.0,0.0,0.0,0.0,0.0,0.0,0.0,0.0
33.0,1.0,3.512,34.884,1.704,32.035,27.73,1464.94,0.921,7.994,347.386,3.202,2.453,0.0,2.631,34.862,3.512,88.032,1.0,1.0,0.0,1.0,0.0,0.0,0.0,0.0,0.0,0.0,0.0,0.0,0.0,0.0,0.0,0.0
34.0,1.0,3.484,34.89,1.791,32.015,27.738,1464.85,1.056,7.985,346.977,3.2,2.446,0.0,2.286,34.868,3.484,88.162,1.0,1.0,0.0,1.0,0.0,0.0,0.0,0.0,0.0,0.0,0.0,0.0,0.0,0.0,0.0,0.0
35.0,1.0,3.368,34.888,1.741,31.911,27.748,1464.37,1.609,7.99,347.211,3.189,2.44,478.44,2.014,34.866,3.368,88.181,1.0,1.0,0.0,1.0,0.0,0.0,0.0,0.0,0.0,0.0,0.0,0.0,0.0,0.0,0.0,0.0
36.0,1.0,3.297,34.885,1.669,31.846,27.752,1464.09,0.645,7.954,345.614,3.183,2.431,478.5,1.764,34.864,3.294,88.538,1.0,1.0,0.0,1.0,0.0,0.0,0.0,0.0,0.0,0.0,0.0,0.0,0.0,0.0,0.0,0.0
37.0,1.0,3.165,34.884,1.635,31.728,27.764,1463.54,1.242,7.957,345.743,3.171,2.423,478.5,1.538,34.862,3.163,88.358,1.0,1.0,0.0,1.0,0.0,0.0,0.0,0.0,0.0,0.0,0.0,0.0,0.0,0.0,0.0,0.0
38.0,1.0,3.106,34.883,1.992,31.676,27.769,1463.3,1.344,7.948,345.342,3.166,2.416,478.5,1.353,34.861,3.106,88.511,1.0,1.0,0.0,1.0,0.0,0.0,0.0,0.0,0.0,0.0,0.0,0.0,0.0,0.0,0.0,0.0
39.0,1.0,3.094,34.885,2.08,31.667,27.771,1463.27,0.682,7.946,345.257,3.165,2.412,480.08,1.193,34.863,3.094,88.023,1.0,1.0,0.0,1.0,0.0,0.0,0.0,0.0,0.0,0.0,0.0,0.0,0.0,0.0,0.0,0.0
40.0,1.0,3.094,34.89,2.248,31.671,27.775,1463.29,1.588,7.947,345.302,3.165,2.409,480.5,1.036,34.867,3.094,87.912,1.0,1.0,0.0,1.0,0.0,0.0,0.0,0.0,0.0,0.0,0.0,0.0,0.0,0.0,0.0,0.0
41.0,1.0,3.102,34.899,3.146,31.686,27.781,1463.35,0.869,7.953,345.571,3.167,2.408,480.51,0.884,34.876,3.101,87.412,1.0,1.0,0.0,1.0,0.0,0.0,0.0,0.0,0.0,0.0,0.0,0.0,0.0,0.0,0.0,0.0
42.0,1.0,3.079,34.902,3.595,31.669,27.786,1463.28,1.286,7.925,344.377,3.165,2.403,481.41,0.753,34.879,3.08,85.576,1.0,1.0,0.0,1.0,0.0,0.0,0.0,0.0,0.0,0.0,0.0,0.0,0.0,0.0,0.0,0.0
43.0,1.0,3.094,34.907,3.688,31.687,27.788,1463.37,1.478,7.873,342.097,3.167,2.397,482.47,0.624,34.884,3.095,85.607,1.0,1.0,0.0,1.0,0.0,0.0,0.0,0.0,0.0,0.0,0.0,0.0,0.0,0.0,0.0,0.0
44.0,1.0,3.076,34.91,4.441,31.675,27.793,1463.31,0.902,7.864,341.69,3.166,2.391,482.52,0.517,34.888,3.076,84.994,1.0,1.0,0.0,1.0,0.0,0.0,0.0,0.0,0.0,0.0,0.0,0.0,0.0,0.0,0.0,0.0
45.0,1.0,3.035,34.914,4.763,31.642,27.8,1463.16,1.4,7.825,340.003,3.162,2.384,482.52,0.427,34.892,3.035,83.328,1.0,1.0,0.0,1.0,0.0,0.0,0.0,0.0,0.0,0.0,0.0,0.0,0.0,0.0,0.0,0.0
46.0,1.0,3.009,34.916,5.212,31.621,27.804,1463.07,1.325,7.779,338.025,3.16,2.374,483.56,0.345,34.894,3.009,82.892,1.0,1.0,0.0,1.0,0.0,0.0,0.0,0.0,0.0,0.0,0.0,0.0,0.0,0.0,0.0,0.0
47.0,1.0,2.992,34.917,6.031,31.607,27.806,1463.01,0.903,7.756,336.992,3.159,2.366,484.53,0.281,34.895,2.992,81.539,1.0,1.0,0.0,1.0,0.0,0.0,0.0,0.0,0.0,0.0,0.0,0.0,0.0,0.0,0.0,0.0
48.0,1.0,2.981,34.919,5.723,31.599,27.809,1462.98,1.566,7.75,336.742,3.158,2.36,484.53,0.222,34.896,2.981,80.027,1.0,1.0,0.0,1.0,0.0,0.0,0.0,0.0,0.0,0.0,0.0,0.0,0.0,0.0,0.0,0.0
49.0,1.0,2.954,34.92,5.575,31.577,27.812,1462.88,1.026,7.762,337.271,3.156,2.358,485.73,0.183,34.898,2.953,79.359,1.0,1.0,0.0,1.0,0.0,0.0,0.0,0.0,0.0,0.0,0.0,0.0,0.0,0.0,0.0,0.0
50.0,1.0,2.933,34.922,5.222,31.56,27.815,1462.81,0.989,7.771,337.68,3.154,2.356,486.65,0.147,34.899,2.933,78.468,1.0,1.0,0.0,1.0,0.0,0.0,0.0,0.0,0.0,0.0,0.0,0.0,0.0,0.0,0.0,0.0
51.0,1.0,2.903,34.923,5.198,31.534,27.819,1462.7,1.483,7.785,338.271,3.152,2.355,0.0,0.116,34.901,2.901,78.588,1.0,1.0,0.0,1.0,0.0,0.0,0.0,0.0,0.0,0.0,0.0,0.0,0.0,0.0,0.0,0.0
52.0,1.0,2.874,34.925,4.832,31.511,27.823,1462.6,0.591,7.8,338.94,3.149,2.355,0.0,0.097,34.902,2.874,78.872,1.0,1.0,0.0,1.0,0.0,0.0,0.0,0.0,0.0,0.0,0.0,0.0,0.0,0.0,0.0,0.0
53.0,1.0,2.85,34.926,4.16,31.49,27.826,1462.51,1.483,7.81,339.341,3.147,2.355,488.53,0.085,34.903,2.849,79.733,1.0,1.0,0.0,1.0,0.0,0.0,0.0,0.0,0.0,0.0,0.0,0.0,0.0,0.0,0.0,0.0
54.0,1.0,2.824,34.926,4.172,31.469,27.829,1462.42,1.148,7.81,339.362,3.145,2.355,488.55,0.078,34.904,2.824,79.873,1.0,1.0,0.0,1.0,0.0,0.0,0.0,0.0,0.0,0.0,0.0,0.0,0.0,0.0,0.0,0.0
55.0,1.0,2.801,34.927,3.348,31.45,27.832,1462.34,1.119,7.81,339.369,3.143,2.354,488.55,0.068,34.905,2.8,80.225,1.0,1.0,0.0,1.0,0.0,0.0,0.0,0.0,0.0,0.0,0.0,0.0,0.0,0.0,0.0,0.0
56.0,1.0,2.787,34.928,2.89,31.438,27.834,1462.29,1.659,7.811,339.409,3.142,2.354,489.4,0.061,34.905,2.787,81.264,1.0,1.0,0.0,1.0,0.0,0.0,0.0,0.0,0.0,0.0,0.0,0.0,0.0,0.0,0.0,0.0
57.0,1.0,2.764,34.929,2.635,31.419,27.837,1462.21,0.828,7.836,340.471,3.14,2.355,490.56,0.055,34.907,2.764,82.047,1.0,1.0,0.0,1.0,0.0,0.0,0.0,0.0,0.0,0.0,0.0,0.0,0.0,0.0,0.0,0.0
58.0,1.0,2.713,34.93,2.213,31.376,27.842,1462.01,1.236,7.866,341.764,3.136,2.357,490.56,0.052,34.908,2.713,82.998,1.0,1.0,0.0,1.0,0.0,0.0,0.0,0.0,0.0,0.0,0.0,0.0,0.0,0.0,0.0,0.0
59.0,1.0,2.711,34.931,2.024,31.374,27.843,1462.02,1.328,7.863,341.646,3.136,2.358,492.03,0.0,34.908,2.711,83.152,1.0,1.0,0.0,1.0,0.0,0.0,0.0,0.0,0.0,0.0,0.0,0.0,0.0,0.0,0.0,0.0
60.0,1.0,2.705,34.931,1.712,31.37,27.844,1462.01,0.838,7.856,341.349,3.135,2.358,492.96,0.0,34.909,2.705,83.937,1.0,1.0,0.0,1.0,0.0,0.0,0.0,0.0,0.0,0.0,0.0,0.0,0.0,0.0,0.0,0.0
61.0,1.0,2.701,34.932,1.412,31.368,27.844,1462.01,0.907,7.873,342.071,3.135,2.359,494.6,0.051,34.909,2.701,84.834,1.0,1.0,0.0,1.0,0.0,0.0,0.0,0.0,0.0,0.0,0.0,0.0,0.0,0.0,0.0,0.0
62.0,1.0,2.696,34.933,1.178,31.365,27.845,1462.01,1.385,7.893,342.934,3.135,2.362,494.58,0.051,34.91,2.696,87.317,1.0,1.0,0.0,1.0,0.0,0.0,0.0,0.0,0.0,0.0,0.0,0.0,0.0,0.0,0.0,0.0
63.0,1.0,2.682,34.932,0.727,31.353,27.846,1461.97,1.955,7.889,342.796,3.133,2.362,495.27,0.051,34.91,2.682,87.501,1.0,1.0,0.0,1.0,0.0,0.0,0.0,0.0,0.0,0.0,0.0,0.0,0.0,0.0,0.0,0.0
64.0,1.0,2.665,34.932,0.728,31.337,27.848,1461.9,1.823,7.894,343.006,3.132,2.362,496.58,0.051,34.909,2.665,87.876,1.0,1.0,0.0,1.0,0.0,0.0,0.0,0.0,0.0,0.0,0.0,0.0,0.0,0.0,0.0,0.0
65.0,1.0,2.651,34.932,0.741,31.325,27.849,1461.86,0.883,7.897,343.108,3.131,2.363,496.93,0.051,34.909,2.651,88.651,1.0,1.0,0.0,1.0,0.0,0.0,0.0,0.0,0.0,0.0,0.0,0.0,0.0,0.0,0.0,0.0
66.0,1.0,2.647,34.931,0.647,31.322,27.849,1461.86,0.859,7.891,342.871,3.13,2.362,498.53,0.051,34.909,2.647,89.373,1.0,1.0,0.0,1.0,0.0,0.0,0.0,0.0,0.0,0.0,0.0,0.0,0.0,0.0,0.0,0.0
67.0,1.0,2.642,34.931,0.536,31.318,27.849,1461.86,2.064,7.885,342.585,3.13,2.361,498.6,0.051,34.908,2.642,90.089,1.0,1.0,0.0,1.0,0.0,0.0,0.0,0.0,0.0,0.0,0.0,0.0,0.0,0.0,0.0,0.0
68.0,1.0,2.635,34.93,0.45,31.311,27.849,1461.84,1.941,7.88,342.376,3.129,2.36,500.26,0.051,34.908,2.635,90.327,1.0,1.0,0.0,1.0,0.0,0.0,0.0,0.0,0.0,0.0,0.0,0.0,0.0,0.0,0.0,0.0
69.0,1.0,2.624,34.93,0.456,31.302,27.85,1461.81,1.748,7.88,342.37,3.128,2.359,501.95,0.051,34.908,2.623,90.693,1.0,1.0,0.0,1.0,0.0,0.0,0.0,0.0,0.0,0.0,0.0,0.0,0.0,0.0,0.0,0.0
70.0,1.0,2.588,34.93,0.408,31.271,27.852,1461.67,1.094,7.881,342.411,3.125,2.357,502.62,0.051,34.907,2.587,90.914,1.0,1.0,0.0,1.0,0.0,0.0,0.0,0.0,0.0,0.0,0.0,0.0,0.0,0.0,0.0,0.0
71.0,1.0,2.604,34.933,0.386,31.288,27.854,1461.76,0.822,7.864,341.69,3.127,2.355,503.52,0.051,34.91,2.604,91.156,1.0,1.0,0.0,1.0,0.0,0.0,0.0,0.0,0.0,0.0,0.0,0.0,0.0,0.0,0.0,0.0
72.0,1.0,2.608,34.934,0.295,31.293,27.854,1461.8,1.268,7.863,341.658,3.128,2.354,504.67,0.051,34.912,2.609,91.237,1.0,1.0,0.0,1.0,0.0,0.0,0.0,0.0,0.0,0.0,0.0,0.0,0.0,0.0,0.0,0.0
73.0,1.0,2.593,34.934,0.21,31.279,27.856,1461.75,1.571,7.856,341.349,3.126,2.352,506.27,0.051,34.911,2.595,91.299,1.0,1.0,0.0,1.0,0.0,0.0,0.0,0.0,0.0,0.0,0.0,0.0,0.0,0.0,0.0,0.0
74.0,1.0,2.507,34.927,0.196,31.199,27.858,1461.38,1.357,7.861,341.568,3.118,2.35,507.25,0.051,34.906,2.506,91.512,1.0,1.0,0.0,1.0,0.0,0.0,0.0,0.0,0.0,0.0,0.0,0.0,0.0,0.0,0.0,0.0
75.0,1.0,2.472,34.924,0.205,31.166,27.858,1461.24,1.334,7.839,340.616,3.115,2.345,508.65,0.051,34.901,2.472,91.65,1.0,1.0,0.0,1.0,0.0,0.0,0.0,0.0,0.0,0.0,0.0,0.0,0.0,0.0,0.0,0.0
76.0,1.0,2.468,34.925,0.184,31.163,27.859,1461.24,1.41,7.872,342.039,3.115,2.346,508.66,0.051,34.902,2.468,91.851,1.0,1.0,0.0,1.0,0.0,0.0,0.0,0.0,0.0,0.0,0.0,0.0,0.0,0.0,0.0,0.0
77.0,1.0,2.46,34.925,0.166,31.157,27.86,1461.23,1.548,7.899,343.211,3.114,2.347,509.4,0.051,34.902,2.46,91.971,1.0,1.0,0.0,1.0,0.0,0.0,0.0,0.0,0.0,0.0,0.0,0.0,0.0,0.0,0.0,0.0
78.0,1.0,2.453,34.925,0.136,31.151,27.861,1461.21,1.381,7.901,343.283,3.113,2.348,510.91,0.051,34.903,2.455,92.102,1.0,1.0,0.0,1.0,0.0,0.0,0.0,0.0,0.0,0.0,0.0,0.0,0.0,0.0,0.0,0.0
79.0,1.0,2.441,34.927,0.116,31.143,27.863,1461.18,0.894,7.895,343.024,3.112,2.348,512.66,0.051,34.904,2.441,92.15,1.0,1.0,0.0,1.0,0.0,0.0,0.0,0.0,0.0,0.0,0.0,0.0,0.0,0.0,0.0,0.0
80.0,1.0,2.43,34.93,0.157,31.136,27.866,1461.15,1.322,7.887,342.688,3.112,2.347,512.68,0.051,34.907,2.43,92.366,1.0,1.0,0.0,1.0,0.0,0.0,0.0,0.0,0.0,0.0,0.0,0.0,0.0,0.0,0.0,0.0
81.0,1.0,2.431,34.932,0.126,31.139,27.868,1461.18,1.499,7.879,342.343,3.112,2.346,512.7,0.051,34.909,2.431,92.466,1.0,1.0,0.0,1.0,0.0,0.0,0.0,0.0,0.0,0.0,0.0,0.0,0.0,0.0,0.0,0.0
82.0,1.0,2.43,34.932,0.122,31.138,27.868,1461.19,1.265,7.865,341.737,3.112,2.344,514.72,0.051,34.909,2.43,92.357,1.0,1.0,0.0,1.0,0.0,0.0,0.0,0.0,0.0,0.0,0.0,0.0,0.0,0.0,0.0,0.0
83.0,1.0,2.431,34.933,0.102,31.14,27.869,1461.21,1.685,7.851,341.114,3.112,2.341,517.06,0.051,34.91,2.431,92.496,1.0,1.0,0.0,1.0,0.0,0.0,0.0,0.0,0.0,0.0,0.0,0.0,0.0,0.0,0.0,0.0
84.0,1.0,2.433,34.933,0.139,31.143,27.869,1461.23,1.253,7.845,340.857,3.112,2.339,518.71,0.051,34.911,2.433,92.49,1.0,1.0,0.0,1.0,0.0,0.0,0.0,0.0,0.0,0.0,0.0,0.0,0.0,0.0,0.0,0.0
85.0,1.0,2.43,34.934,0.17,31.141,27.869,1461.24,1.262,7.844,340.807,3.112,2.338,518.71,0.051,34.911,2.43,92.53,1.0,1.0,0.0,1.0,0.0,0.0,0.0,0.0,0.0,0.0,0.0,0.0,0.0,0.0,0.0,0.0
86.0,1.0,2.417,34.934,0.104,31.13,27.871,1461.2,0.872,7.84,340.638,3.111,2.336,518.95,0.051,34.911,2.417,92.509,1.0,1.0,0.0,1.0,0.0,0.0,0.0,0.0,0.0,0.0,0.0,0.0,0.0,0.0,0.0,0.0
87.0,1.0,2.394,34.933,0.096,31.11,27.872,1461.11,1.22,7.829,340.173,3.109,2.333,520.93,0.051,34.911,2.393,92.6,1.0,1.0,0.0,1.0,0.0,0.0,0.0,0.0,0.0,0.0,0.0,0.0,0.0,0.0,0.0,0.0
88.0,1.0,2.382,34.934,0.301,31.1,27.874,1461.08,1.093,7.823,339.889,3.108,2.331,521.03,0.051,34.911,2.382,92.586,1.0,1.0,0.0,1.0,0.0,0.0,0.0,0.0,0.0,0.0,0.0,0.0,0.0,0.0,0.0,0.0
89.0,1.0,2.361,34.934,0.142,31.082,27.876,1461.0,1.641,7.832,340.282,3.106,2.33,0.0,0.051,34.912,2.36,92.706,1.0,1.0,0.0,1.0,0.0,0.0,0.0,0.0,0.0,0.0,0.0,0.0,0.0,0.0,0.0,0.0
90.0,1.0,2.335,34.934,0.07,31.06,27.878,1460.91,1.443,7.829,340.17,3.104,2.328,0.0,0.051,34.911,2.335,92.686,1.0,1.0,0.0,1.0,0.0,0.0,0.0,0.0,0.0,0.0,0.0,0.0,0.0,0.0,0.0,0.0
91.0,1.0,2.32,34.933,0.072,31.046,27.878,1460.86,1.388,7.829,340.173,3.103,2.327,524.63,0.051,34.91,2.32,92.65,1.0,1.0,0.0,1.0,0.0,0.0,0.0,0.0,0.0,0.0,0.0,0.0,0.0,0.0,0.0,0.0
92.0,1.0,2.303,34.932,0.078,31.031,27.879,1460.8,1.092,7.841,340.665,3.101,2.327,524.74,0.051,34.909,2.303,92.722,1.0,1.0,0.0,1.0,0.0,0.0,0.0,0.0,0.0,0.0,0.0,0.0,0.0,0.0,0.0,0.0
93.0,1.0,2.275,34.93,0.083,31.006,27.88,1460.69,1.182,7.854,341.224,3.099,2.327,524.74,0.051,34.908,2.275,92.646,1.0,1.0,0.0,1.0,0.0,0.0,0.0,0.0,0.0,0.0,0.0,0.0,0.0,0.0,0.0,0.0
94.0,1.0,2.267,34.93,0.092,30.999,27.88,1460.67,1.31,7.86,341.491,3.098,2.327,524.74,0.051,34.907,2.268,92.786,1.0,1.0,0.0,1.0,0.0,0.0,0.0,0.0,0.0,0.0,0.0,0.0,0.0,0.0,0.0,0.0
95.0,1.0,2.263,34.93,0.06,30.996,27.881,1460.67,1.532,7.86,341.508,3.098,2.327,524.74,0.051,34.907,2.264,92.761,1.0,1.0,0.0,1.0,0.0,0.0,0.0,0.0,0.0,0.0,0.0,0.0,0.0,0.0,0.0,0.0
96.0,1.0,2.277,34.934,0.107,31.011,27.882,1460.75,1.271,7.863,341.625,3.099,2.328,524.74,0.051,34.911,2.277,92.812,1.0,1.0,0.0,1.0,0.0,0.0,0.0,0.0,0.0,0.0,0.0,0.0,0.0,0.0,0.0,0.0
97.0,1.0,2.27,34.934,0.143,31.006,27.884,1460.74,1.48,7.86,341.514,3.099,2.328,524.74,0.051,34.911,2.27,92.828,1.0,1.0,0.0,1.0,0.0,0.0,0.0,0.0,0.0,0.0,0.0,0.0,0.0,0.0,0.0,0.0
98.0,1.0,2.265,34.934,0.069,31.002,27.884,1460.74,1.385,7.822,339.863,3.098,2.324,524.74,0.051,34.911,2.265,92.888,1.0,1.0,0.0,1.0,0.0,0.0,0.0,0.0,0.0,0.0,0.0,0.0,0.0,0.0,0.0,0.0
99.0,1.0,2.262,34.934,0.065,31.0,27.884,1460.74,1.396,7.802,338.972,3.098,2.32,524.74,0.051,34.911,2.262,92.91,1.0,1.0,0.0,1.0,0.0,0.0,0.0,0.0,0.0,0.0,0.0,0.0,0.0,0.0,0.0,0.0
100.0,1.0,2.256,34.934,0.069,30.995,27.884,1460.73,1.063,7.799,338.852,3.098,2.317,524.74,0.051,34.911,2.257,92.92,1.0,1.0,0.0,1.0,0.0,0.0,0.0,0.0,0.0,0.0,0.0,0.0,0.0,0.0,0.0,0.0
101.0,1.0,2.241,34.934,0.068,30.982,27.886,1460.68,1.089,7.799,338.872,3.096,2.315,524.74,0.051,34.911,2.241,92.913,1.0,1.0,0.0,1.0,0.0,0.0,0.0,0.0,0.0,0.0,0.0,0.0,0.0,0.0,0.0,0.0
102.0,1.0,2.216,34.932,0.066,30.96,27.886,1460.59,1.45,7.802,338.991,3.094,2.314,524.74,0.051,34.91,2.217,92.745,1.0,1.0,0.0,1.0,0.0,0.0,0.0,0.0,0.0,0.0,0.0,0.0,0.0,0.0,0.0,0.0
103.0,1.0,2.201,34.931,0.063,30.946,27.887,1460.54,1.414,7.8,338.915,3.093,2.312,524.42,0.051,34.908,2.2,92.859,1.0,1.0,0.0,1.0,0.0,0.0,0.0,0.0,0.0,0.0,0.0,0.0,0.0,0.0,0.0,0.0
104.0,1.0,2.191,34.93,0.077,30.936,27.887,1460.5,1.326,7.812,339.425,3.092,2.312,523.39,0.051,34.907,2.191,92.834,1.0,1.0,0.0,1.0,0.0,0.0,0.0,0.0,0.0,0.0,0.0,0.0,0.0,0.0,0.0,0.0
105.0,1.0,2.176,34.929,0.066,30.923,27.887,1460.45,1.467,7.838,340.529,3.09,2.313,524.78,0.051,34.906,2.176,92.864,1.0,1.0,0.0,1.0,0.0,0.0,0.0,0.0,0.0,0.0,0.0,0.0,0.0,0.0,0.0,0.0
106.0,1.0,2.135,34.926,0.055,30.885,27.888,1460.29,1.248,7.853,341.18,3.087,2.314,524.74,0.051,34.904,2.134,92.875,1.0,1.0,0.0,1.0,0.0,0.0,0.0,0.0,0.0,0.0,0.0,0.0,0.0,0.0,0.0,0.0
107.0,1.0,2.11,34.924,0.066,30.862,27.888,1460.2,0.765,7.844,340.832,3.084,2.314,523.61,0.051,34.901,2.109,92.945,1.0,1.0,0.0,1.0,0.0,0.0,0.0,0.0,0.0,0.0,0.0,0.0,0.0,0.0,0.0,0.0
108.0,1.0,2.091,34.922,0.064,30.844,27.889,1460.12,1.432,7.86,341.507,3.083,2.315,521.93,0.051,34.899,2.09,92.958,1.0,1.0,0.0,1.0,0.0,0.0,0.0,0.0,0.0,0.0,0.0,0.0,0.0,0.0,0.0,0.0
109.0,1.0,2.071,34.921,0.07,30.826,27.889,1460.05,0.747,7.896,343.089,3.081,2.318,521.84,0.051,34.898,2.071,92.953,1.0,1.0,0.0,1.0,0.0,0.0,0.0,0.0,0.0,0.0,0.0,0.0,0.0,0.0,0.0,0.0
110.0,1.0,2.064,34.92,0.071,30.82,27.889,1460.04,1.284,7.905,343.456,3.08,2.32,522.74,0.051,34.897,2.062,92.929,1.0,1.0,0.0,1.0,0.0,0.0,0.0,0.0,0.0,0.0,0.0,0.0,0.0,0.0,0.0,0.0
111.0,1.0,2.103,34.926,0.076,30.859,27.89,1460.23,1.245,7.901,343.284,3.084,2.322,522.73,0.051,34.903,2.104,92.995,1.0,1.0,0.0,1.0,0.0,0.0,0.0,0.0,0.0,0.0,0.0,0.0,0.0,0.0,0.0,0.0
112.0,1.0,2.106,34.927,0.114,30.862,27.891,1460.26,1.555,7.914,343.827,3.084,2.324,521.02,0.051,34.904,2.106,92.918,1.0,1.0,0.0,1.0,0.0,0.0,0.0,0.0,0.0,0.0,0.0,0.0,0.0,0.0,0.0,0.0
113.0,1.0,2.099,34.926,0.059,30.857,27.891,1460.25,1.095,7.898,343.168,3.084,2.323,518.72,0.051,34.904,2.099,92.95,1.0,1.0,0.0,1.0,0.0,0.0,0.0,0.0,0.0,0.0,0.0,0.0,0.0,0.0,0.0,0.0
114.0,1.0,2.095,34.926,0.067,30.853,27.891,1460.24,1.268,7.882,342.481,3.084,2.322,520.61,0.051,34.903,2.096,92.991,1.0,1.0,0.0,1.0,0.0,0.0,0.0,0.0,0.0,0.0,0.0,0.0,0.0,0.0,0.0,0.0
115.0,1.0,2.092,34.926,0.055,30.851,27.892,1460.25,1.361,7.869,341.91,3.083,2.32,520.72,0.051,34.903,2.092,92.894,1.0,1.0,0.0,1.0,0.0,0.0,0.0,0.0,0.0,0.0,0.0,0.0,0.0,0.0,0.0,0.0
116.0,1.0,2.088,34.926,0.058,30.849,27.892,1460.25,0.897,7.859,341.442,3.083,2.318,519.52,0.051,34.904,2.088,93.039,1.0,1.0,0.0,1.0,0.0,0.0,0.0,0.0,0.0,0.0,0.0,0.0,0.0,0.0,0.0,0.0
117.0,1.0,2.082,34.926,0.055,30.844,27.893,1460.24,1.034,7.852,341.157,3.083,2.316,518.72,0.051,34.904,2.082,93.005,1.0,1.0,0.0,1.0,0.0,0.0,0.0,0.0,0.0,0.0,0.0,0.0,0.0,0.0,0.0,0.0
118.0,1.0,2.085,34.927,0.052,30.848,27.893,1460.27,1.002,7.865,341.736,3.083,0.0,518.71,0.051,34.904,2.086,92.988,1.0,1.0,0.0,1.0,0.0,0.0,0.0,0.0,0.0,0.0,0.0,0.0,0.0,0.0,0.0,0.0
119.0,1.0,2.093,34.929,0.053,30.856,27.894,1460.32,1.401,7.868,341.864,3.084,0.0,518.71,0.051,34.906,2.093,93.062,1.0,1.0,0.0,1.0,0.0,0.0,0.0,0.0,0.0,0.0,0.0,0.0,0.0,0.0,0.0,0.0
120.0,1.0,2.09,34.929,0.056,30.854,27.894,1460.33,0.878,7.871,341.972,3.084,2.315,518.71,0.051,34.906,2.091,93.022,1.0,1.0,0.0,1.0,0.0,0.0,0.0,0.0,0.0,0.0,0.0,0.0,0.0,0.0,0.0,0.0
121.0,1.0,2.089,34.929,0.052,30.854,27.894,1460.34,1.153,7.864,341.661,3.084,2.314,518.44,0.051,34.906,2.09,92.998,1.0,1.0,0.0,1.0,0.0,0.0,0.0,0.0,0.0,0.0,0.0,0.0,0.0,0.0,0.0,0.0
122.0,1.0,2.085,34.929,0.057,30.851,27.894,1460.34,1.392,7.862,341.585,3.083,2.314,516.82,0.051,34.906,2.085,93.014,1.0,1.0,0.0,1.0,0.0,0.0,0.0,0.0,0.0,0.0,0.0,0.0,0.0,0.0,0.0,0.0
123.0,1.0,2.054,34.927,0.049,30.823,27.895,1460.22,0.926,7.868,341.85,3.08,2.313,518.41,0.051,34.904,2.055,93.026,1.0,1.0,0.0,1.0,0.0,0.0,0.0,0.0,0.0,0.0,0.0,0.0,0.0,0.0,0.0,0.0
124.0,1.0,2.022,34.924,0.049,30.793,27.895,1460.09,1.346,7.864,341.656,3.077,2.312,518.71,0.051,34.902,2.022,91.664,1.0,1.0,0.0,1.0,0.0,0.0,0.0,0.0,0.0,0.0,0.0,0.0,0.0,0.0,0.0,0.0
125.0,1.0,2.019,34.924,0.06,30.79,27.895,1460.09,1.039,7.857,341.371,3.077,2.31,518.71,0.051,34.901,2.019,86.504,1.0,1.0,0.0,1.0,0.0,0.0,0.0,0.0,0.0,0.0,0.0,0.0,0.0,0.0,0.0,0.0
126.0,1.0,2.021,34.924,0.053,30.792,27.895,1460.12,1.436,7.871,341.984,3.077,2.31,518.71,0.051,34.901,2.021,92.988,1.0,1.0,0.0,1.0,0.0,0.0,0.0,0.0,0.0,0.0,0.0,0.0,0.0,0.0,0.0,0.0
127.0,1.0,2.026,34.925,0.048,30.798,27.896,1460.15,1.275,7.883,342.506,3.078,2.312,519.29,0.051,34.902,2.026,93.034,1.0,1.0,0.0,1.0,0.0,0.0,0.0,0.0,0.0,0.0,0.0,0.0,0.0,0.0,0.0,0.0
128.0,1.0,2.027,34.925,0.045,30.799,27.896,1460.18,1.04,7.887,342.665,3.078,2.312,520.72,0.051,34.902,2.027,92.968,1.0,1.0,0.0,1.0,0.0,0.0,0.0,0.0,0.0,0.0,0.0,0.0,0.0,0.0,0.0,0.0
129.0,1.0,2.036,34.926,0.075,30.808,27.896,1460.23,1.179,7.882,342.449,3.079,2.312,520.72,0.051,34.903,2.036,93.062,1.0,1.0,0.0,1.0,0.0,0.0,0.0,0.0,0.0,0.0,0.0,0.0,0.0,0.0,0.0,0.0
130.0,1.0,2.041,34.925,0.073,30.812,27.895,1460.27,1.272,7.873,342.068,3.08,2.312,520.72,0.051,34.904,2.041,93.083,1.0,1.0,0.0,1.0,0.0,0.0,0.0,0.0,0.0,0.0,0.0,0.0,0.0,0.0,0.0,0.0
131.0,1.0,2.06,34.93,0.073,30.833,27.897,1460.37,1.27,7.865,341.73,3.081,2.311,520.72,0.051,34.907,2.058,93.11,1.0,1.0,0.0,1.0,0.0,0.0,0.0,0.0,0.0,0.0,0.0,0.0,0.0,0.0,0.0,0.0
132.0,1.0,2.082,34.933,0.491,30.856,27.898,1460.49,1.587,7.865,341.723,3.084,2.311,520.74,0.051,34.91,2.083,93.06,1.0,1.0,0.0,1.0,0.0,0.0,0.0,0.0,0.0,0.0,0.0,0.0,0.0,0.0,0.0,0.0
133.0,1.0,2.084,34.934,0.043,30.859,27.899,1460.52,1.869,7.855,341.301,3.084,2.31,522.26,0.051,34.911,2.084,92.942,1.0,1.0,0.0,1.0,0.0,0.0,0.0,0.0,0.0,0.0,0.0,0.0,0.0,0.0,0.0,0.0
134.0,1.0,2.087,34.934,0.049,30.862,27.899,1460.55,1.438,7.833,340.336,3.084,2.308,522.18,0.051,34.911,2.087,93.081,1.0,1.0,0.0,1.0,0.0,0.0,0.0,0.0,0.0,0.0,0.0,0.0,0.0,0.0,0.0,0.0
135.0,1.0,2.093,34.935,0.052,30.868,27.899,1460.59,1.271,7.822,339.839,3.085,2.305,521.05,0.051,34.912,2.093,93.099,1.0,1.0,0.0,1.0,0.0,0.0,0.0,0.0,0.0,0.0,0.0,0.0,0.0,0.0,0.0,0.0
136.0,1.0,2.097,34.936,0.064,30.873,27.899,1460.63,1.251,7.822,339.867,3.086,2.304,521.15,0.051,34.913,2.097,93.125,1.0,1.0,0.0,1.0,0.0,0.0,0.0,0.0,0.0,0.0,0.0,0.0,0.0,0.0,0.0,0.0
137.0,1.0,2.099,34.936,0.06,30.876,27.899,1460.65,1.104,7.821,339.789,3.086,2.303,522.73,0.051,34.913,2.099,93.094,1.0,1.0,0.0,1.0,0.0,0.0,0.0,0.0,0.0,0.0,0.0,0.0,0.0,0.0,0.0,0.0
138.0,1.0,2.098,34.937,0.048,30.876,27.9,1460.66,1.337,7.82,339.759,3.086,2.302,522.77,0.051,34.914,2.098,93.009,1.0,1.0,0.0,1.0,0.0,0.0,0.0,0.0,0.0,0.0,0.0,0.0,0.0,0.0,0.0,0.0
139.0,1.0,2.1,34.937,0.041,30.879,27.9,1460.69,1.056,7.818,339.668,3.086,2.301,0.0,0.051,34.914,2.1,93.089,1.0,1.0,0.0,1.0,0.0,0.0,0.0,0.0,0.0,0.0,0.0,0.0,0.0,0.0,0.0,0.0
140.0,1.0,2.101,34.938,0.048,30.88,27.9,1460.71,1.285,7.807,339.181,3.086,2.299,523.86,0.051,34.915,2.102,93.129,1.0,1.0,0.0,1.0,0.0,0.0,0.0,0.0,0.0,0.0,0.0,0.0,0.0,0.0,0.0,0.0
141.0,1.0,2.099,34.938,0.041,30.879,27.901,1460.72,1.456,7.796,338.721,3.086,2.298,524.73,0.051,34.915,2.099,93.129,1.0,1.0,0.0,1.0,0.0,0.0,0.0,0.0,0.0,0.0,0.0,0.0,0.0,0.0,0.0,0.0
142.0,1.0,2.095,34.938,0.044,30.876,27.901,1460.72,1.007,7.794,338.62,3.086,2.296,525.88,0.051,34.915,2.095,93.098,1.0,1.0,0.0,1.0,0.0,0.0,0.0,0.0,0.0,0.0,0.0,0.0,0.0,0.0,0.0,0.0
143.0,1.0,2.094,34.938,0.042,30.876,27.901,1460.73,1.18,7.803,339.011,3.086,2.296,525.83,0.051,34.914,2.095,93.107,1.0,1.0,0.0,1.0,0.0,0.0,0.0,0.0,0.0,0.0,0.0,0.0,0.0,0.0,0.0,0.0
144.0,1.0,2.094,34.938,0.037,30.876,27.901,1460.75,1.46,7.806,339.164,3.086,2.296,525.92,0.051,34.915,2.094,93.122,1.0,1.0,0.0,1.0,0.0,0.0,0.0,0.0,0.0,0.0,0.0,0.0,0.0,0.0,0.0,0.0
145.0,1.0,2.102,34.939,0.038,30.885,27.901,1460.8,1.166,7.796,338.725,3.087,2.295,527.21,0.051,34.916,2.103,93.126,1.0,1.0,0.0,1.0,0.0,0.0,0.0,0.0,0.0,0.0,0.0,0.0,0.0,0.0,0.0,0.0
146.0,1.0,2.101,34.939,0.043,30.884,27.901,1460.81,1.357,7.796,338.72,3.087,2.294,528.78,0.051,34.916,2.101,93.038,1.0,1.0,0.0,1.0,0.0,0.0,0.0,0.0,0.0,0.0,0.0,0.0,0.0,0.0,0.0,0.0
147.0,1.0,2.095,34.939,0.037,30.879,27.902,1460.8,1.206,7.82,339.753,3.086,2.296,530.74,0.051,34.916,2.095,93.09,1.0,1.0,0.0,1.0,0.0,0.0,0.0,0.0,0.0,0.0,0.0,0.0,0.0,0.0,0.0,0.0
148.0,1.0,2.082,34.938,0.032,30.867,27.902,1460.76,1.173,7.834,340.39,3.085,2.297,530.77,0.051,34.915,2.082,93.114,1.0,1.0,0.0,1.0,0.0,0.0,0.0,0.0,0.0,0.0,0.0,0.0,0.0,0.0,0.0,0.0
149.0,1.0,2.078,34.938,0.036,30.864,27.902,1460.76,1.386,7.839,340.574,3.085,2.299,531.34,0.051,34.915,2.078,93.126,1.0,1.0,0.0,1.0,0.0,0.0,0.0,0.0,0.0,0.0,0.0,0.0,0.0,0.0,0.0,0.0
150.0,1.0,2.076,34.938,0.034,30.862,27.902,1460.76,1.137,7.84,340.636,3.084,2.299,532.78,0.051,34.915,2.076,93.132,1.0,1.0,0.0,1.0,0.0,0.0,0.0,0.0,0.0,0.0,0.0,0.0,0.0,0.0,0.0,0.0
151.0,1.0,2.076,34.938,0.032,30.863,27.902,1460.78,1.374,7.828,340.115,3.084,2.299,533.11,0.051,34.915,2.076,93.108,1.0,1.0,0.0,1.0,0.0,0.0,0.0,0.0,0.0,0.0,0.0,0.0,0.0,0.0,0.0,0.0
152.0,1.0,2.072,34.938,0.037,30.86,27.903,1460.78,0.831,7.822,339.836,3.084,2.298,534.71,0.051,34.915,2.072,93.14,1.0,1.0,0.0,1.0,0.0,0.0,0.0,0.0,0.0,0.0,0.0,0.0,0.0,0.0,0.0,0.0
153.0,1.0,2.066,34.938,0.0,30.856,27.904,1460.77,1.346,7.828,340.1,3.084,2.298,534.79,0.051,34.915,2.066,93.14,1.0,1.0,0.0,1.0,0.0,0.0,0.0,0.0,0.0,0.0,0.0,0.0,0.0,0.0,0.0,0.0
154.0,1.0,2.064,34.938,0.0,30.854,27.904,1460.78,1.076,7.833,340.331,3.084,2.298,534.79,0.051,34.915,2.064,93.153,1.0,1.0,0.0,1.0,0.0,0.0,0.0,0.0,0.0,0.0,0.0,0.0,0.0,0.0,0.0,0.0
155.0,1.0,2.063,34.938,0.038,30.854,27.904,1460.79,1.232,7.83,340.193,3.084,2.297,534.79,0.051,34.915,2.063,93.143,1.0,1.0,0.0,1.0,0.0,0.0,0.0,0.0,0.0,0.0,0.0,0.0,0.0,0.0,0.0,0.0
156.0,1.0,2.065,34.939,0.026,30.856,27.904,1460.82,1.277,7.828,340.116,3.084,2.297,533.79,0.051,34.916,2.065,93.133,1.0,1.0,0.0,1.0,0.0,0.0,0.0,0.0,0.0,0.0,0.0,0.0,0.0,0.0,0.0,0.0
157.0,1.0,2.065,34.939,0.034,30.857,27.904,1460.83,1.22,7.83,340.173,3.084,2.297,532.84,0.051,34.916,2.065,93.175,1.0,1.0,0.0,1.0,0.0,0.0,0.0,0.0,0.0,0.0,0.0,0.0,0.0,0.0,0.0,0.0
158.0,1.0,2.063,34.939,0.033,30.856,27.905,1460.84,1.038,7.827,340.052,3.084,2.296,532.78,0.051,34.916,2.064,93.011,1.0,1.0,0.0,1.0,0.0,0.0,0.0,0.0,0.0,0.0,0.0,0.0,0.0,0.0,0.0,0.0
159.0,1.0,2.058,34.939,0.0,30.852,27.905,1460.84,1.386,7.834,340.365,3.083,2.296,532.78,0.051,34.916,2.058,93.086,1.0,1.0,0.0,1.0,0.0,0.0,0.0,0.0,0.0,0.0,0.0,0.0,0.0,0.0,0.0,0.0
160.0,1.0,2.041,34.938,0.0,30.837,27.906,1460.78,0.921,7.835,340.433,3.082,2.296,532.78,0.051,34.916,2.041,93.152,1.0,1.0,0.0,1.0,0.0,0.0,0.0,0.0,0.0,0.0,0.0,0.0,0.0,0.0,0.0,0.0
161.0,1.0,2.032,34.938,0.0,30.83,27.906,1460.75,1.223,7.814,339.491,3.081,2.294,532.13,0.051,34.915,2.033,93.16,1.0,1.0,0.0,1.0,0.0,0.0,0.0,0.0,0.0,0.0,0.0,0.0,0.0,0.0,0.0,0.0
162.0,1.0,2.028,34.938,0.0,30.826,27.906,1460.75,1.347,7.813,339.466,3.081,2.292,530.76,0.051,34.915,2.028,93.135,1.0,1.0,0.0,1.0,0.0,0.0,0.0,0.0,0.0,0.0,0.0,0.0,0.0,0.0,0.0,0.0
163.0,1.0,2.027,34.938,0.0,30.826,27.906,1460.77,0.958,7.806,339.146,3.081,2.29,529.45,0.051,34.915,2.028,93.133,1.0,1.0,0.0,1.0,0.0,0.0,0.0,0.0,0.0,0.0,0.0,0.0,0.0,0.0,0.0,0.0
164.0,1.0,2.026,34.938,0.038,30.826,27.907,1460.78,1.262,7.804,339.055,3.081,2.29,528.66,0.051,34.915,2.026,93.16,1.0,1.0,0.0,1.0,0.0,0.0,0.0,0.0,0.0,0.0,0.0,0.0,0.0,0.0,0.0,0.0
165.0,1.0,2.022,34.938,0.031,30.823,27.907,1460.78,1.702,7.812,339.427,3.08,2.289,526.82,0.051,34.915,2.022,93.133,1.0,1.0,0.0,1.0,0.0,0.0,0.0,0.0,0.0,0.0,0.0,0.0,0.0,0.0,0.0,0.0
166.0,1.0,2.013,34.938,0.03,30.815,27.908,1460.75,1.39,7.806,339.162,3.08,2.288,526.63,0.051,34.915,2.013,93.175,1.0,1.0,0.0,1.0,0.0,0.0,0.0,0.0,0.0,0.0,0.0,0.0,0.0,0.0,0.0,0.0
167.0,1.0,2.01,34.938,0.03,30.813,27.908,1460.76,0.92,7.809,339.282,3.08,2.288,524.73,0.051,34.915,2.011,93.149,1.0,1.0,0.0,1.0,0.0,0.0,0.0,0.0,0.0,0.0,0.0,0.0,0.0,0.0,0.0,0.0
168.0,1.0,2.009,34.938,0.0,30.813,27.908,1460.77,0.62,7.812,339.401,3.079,2.288,524.74,0.051,34.915,2.01,93.139,1.0,1.0,0.0,1.0,0.0,0.0,0.0,0.0,0.0,0.0,0.0,0.0,0.0,0.0,0.0,0.0
169.0,1.0,2.007,34.938,0.0,30.811,27.908,1460.78,1.087,7.819,339.721,3.079,2.288,523.26,0.051,34.915,2.008,93.139,1.0,1.0,0.0,1.0,0.0,0.0,0.0,0.0,0.0,0.0,0.0,0.0,0.0,0.0,0.0,0.0
170.0,1.0,2.002,34.938,0.025,30.808,27.909,1460.77,1.552,7.824,339.954,3.079,2.288,520.99,0.051,34.914,2.003,93.15,1.0,1.0,0.0,1.0,0.0,0.0,0.0,0.0,0.0,0.0,0.0,0.0,0.0,0.0,0.0,0.0
171.0,1.0,1.998,34.938,0.042,30.804,27.909,1460.77,1.133,7.816,339.571,3.079,2.288,518.7,0.051,34.915,1.999,93.117,1.0,1.0,0.0,1.0,0.0,0.0,0.0,0.0,0.0,0.0,0.0,0.0,0.0,0.0,0.0,0.0
172.0,1.0,1.994,34.938,0.031,30.801,27.909,1460.77,1.362,7.809,339.281,3.078,2.286,518.71,0.051,34.915,1.994,93.16,1.0,1.0,0.0,1.0,0.0,0.0,0.0,0.0,0.0,0.0,0.0,0.0,0.0,0.0,0.0,0.0
173.0,1.0,1.99,34.938,0.03,30.798,27.909,1460.76,1.173,7.796,338.735,3.078,2.285,518.11,0.051,34.915,1.99,93.16,1.0,1.0,0.0,1.0,0.0,0.0,0.0,0.0,0.0,0.0,0.0,0.0,0.0,0.0,0.0,0.0
174.0,1.0,1.986,34.938,0.0,30.795,27.91,1460.76,0.952,7.8,338.907,3.078,2.284,515.35,0.051,34.914,1.986,93.122,1.0,1.0,0.0,1.0,0.0,0.0,0.0,0.0,0.0,0.0,0.0,0.0,0.0,0.0,0.0,0.0
175.0,1.0,1.979,34.937,0.0,30.789,27.91,1460.75,1.454,7.804,339.074,3.077,2.283,512.68,0.051,34.914,1.98,93.116,1.0,1.0,0.0,1.0,0.0,0.0,0.0,0.0,0.0,0.0,0.0,0.0,0.0,0.0,0.0,0.0
176.0,1.0,1.974,34.937,0.027,30.784,27.91,1460.74,1.092,7.803,339.023,3.077,2.283,511.34,0.051,34.914,1.974,93.1,1.0,1.0,0.0,1.0,0.0,0.0,0.0,0.0,0.0,0.0,0.0,0.0,0.0,0.0,0.0,0.0
177.0,1.0,1.971,34.937,0.027,30.782,27.91,1460.74,1.115,7.808,339.231,3.076,2.282,510.67,0.051,34.914,1.971,93.142,1.0,1.0,0.0,1.0,0.0,0.0,0.0,0.0,0.0,0.0,0.0,0.0,0.0,0.0,0.0,0.0
178.0,1.0,1.968,34.937,0.025,30.78,27.91,1460.75,1.386,7.807,339.188,3.076,2.282,509.62,0.051,34.914,1.969,93.134,1.0,1.0,0.0,1.0,0.0,0.0,0.0,0.0,0.0,0.0,0.0,0.0,0.0,0.0,0.0,0.0
179.0,1.0,1.966,34.937,0.03,30.779,27.91,1460.76,0.958,7.798,338.805,3.076,2.281,507.37,0.051,34.914,1.966,93.154,1.0,1.0,0.0,1.0,0.0,0.0,0.0,0.0,0.0,0.0,0.0,0.0,0.0,0.0,0.0,0.0
180.0,1.0,1.962,34.936,0.026,30.775,27.91,1460.75,1.353,7.797,338.747,3.076,2.28,505.97,0.051,34.913,1.962,93.15,1.0,1.0,0.0,1.0,0.0,0.0,0.0,0.0,0.0,0.0,0.0,0.0,0.0,0.0,0.0,0.0
181.0,1.0,1.957,34.936,0.029,30.771,27.911,1460.75,0.905,7.798,338.797,3.075,2.28,504.66,0.051,34.913,1.957,93.163,1.0,1.0,0.0,1.0,0.0,0.0,0.0,0.0,0.0,0.0,0.0,0.0,0.0,0.0,0.0,0.0
182.0,1.0,1.945,34.936,0.033,30.761,27.911,1460.71,0.967,7.794,338.625,3.074,2.278,504.64,0.051,34.912,1.944,93.154,1.0,1.0,0.0,1.0,0.0,0.0,0.0,0.0,0.0,0.0,0.0,0.0,0.0,0.0,0.0,0.0
183.0,1.0,1.933,34.935,0.028,30.75,27.912,1460.68,1.294,7.787,338.315,3.073,2.277,503.03,0.051,34.912,1.933,93.158,1.0,1.0,0.0,1.0,0.0,0.0,0.0,0.0,0.0,0.0,0.0,0.0,0.0,0.0,0.0,0.0
184.0,1.0,1.924,34.934,0.029,30.743,27.912,1460.65,1.111,7.79,338.435,3.072,2.276,502.64,0.051,34.911,1.924,93.156,1.0,1.0,0.0,1.0,0.0,0.0,0.0,0.0,0.0,0.0,0.0,0.0,0.0,0.0,0.0,0.0
185.0,1.0,1.919,34.934,0.025,30.739,27.912,1460.65,1.234,7.778,337.924,3.072,2.274,502.63,0.051,34.911,1.919,93.153,1.0,1.0,0.0,1.0,0.0,0.0,0.0,0.0,0.0,0.0,0.0,0.0,0.0,0.0,0.0,0.0
186.0,1.0,1.916,34.934,0.024,30.736,27.912,1460.65,1.267,7.772,337.669,3.072,2.272,502.63,0.051,34.911,1.916,93.15,1.0,1.0,0.0,1.0,0.0,0.0,0.0,0.0,0.0,0.0,0.0,0.0,0.0,0.0,0.0,0.0
187.0,1.0,1.907,34.934,0.033,30.728,27.913,1460.63,1.179,7.776,337.839,3.071,2.272,502.63,0.051,34.911,1.907,93.166,1.0,1.0,0.0,1.0,0.0,0.0,0.0,0.0,0.0,0.0,0.0,0.0,0.0,0.0,0.0,0.0
188.0,1.0,1.9,34.933,0.03,30.722,27.913,1460.61,1.377,7.786,338.275,3.07,2.272,502.63,0.051,34.91,1.9,93.16,1.0,1.0,0.0,1.0,0.0,0.0,0.0,0.0,0.0,0.0,0.0,0.0,0.0,0.0,0.0,0.0
189.0,1.0,1.893,34.933,0.027,30.717,27.913,1460.6,0.93,7.806,339.14,3.07,2.273,502.63,0.051,34.91,1.893,93.095,1.0,1.0,0.0,1.0,0.0,0.0,0.0,0.0,0.0,0.0,0.0,0.0,0.0,0.0,0.0,0.0
190.0,1.0,1.887,34.933,0.027,30.711,27.914,1460.58,1.263,7.819,339.719,3.069,2.274,501.61,0.051,34.91,1.887,93.164,1.0,1.0,0.0,1.0,0.0,0.0,0.0,0.0,0.0,0.0,0.0,0.0,0.0,0.0,0.0,0.0
191.0,1.0,1.883,34.933,0.019,30.708,27.914,1460.58,1.442,7.823,339.881,3.069,2.276,500.79,0.051,34.91,1.883,92.954,1.0,1.0,0.0,1.0,0.0,0.0,0.0,0.0,0.0,0.0,0.0,0.0,0.0,0.0,0.0,0.0
192.0,1.0,1.881,34.933,0.028,30.707,27.914,1460.59,0.9,7.832,340.294,3.069,2.277,502.48,0.051,34.91,1.881,92.912,1.0,1.0,0.0,1.0,0.0,0.0,0.0,0.0,0.0,0.0,0.0,0.0,0.0,0.0,0.0,0.0
193.0,1.0,1.879,34.933,0.024,30.706,27.914,1460.6,1.165,7.833,340.321,3.069,2.278,502.63,0.051,34.91,1.879,93.186,1.0,1.0,0.0,1.0,0.0,0.0,0.0,0.0,0.0,0.0,0.0,0.0,0.0,0.0,0.0,0.0
194.0,1.0,1.876,34.933,0.0,30.703,27.915,1460.6,1.275,7.829,340.137,3.069,2.278,502.63,0.051,34.91,1.876,93.194,1.0,1.0,0.0,1.0,0.0,0.0,0.0,0.0,0.0,0.0,0.0,0.0,0.0,0.0,0.0,0.0
195.0,1.0,1.873,34.933,0.0,30.702,27.915,1460.61,1.368,7.817,339.643,3.068,2.277,502.63,0.051,34.91,1.874,93.176,1.0,1.0,0.0,1.0,0.0,0.0,0.0,0.0,0.0,0.0,0.0,0.0,0.0,0.0,0.0,0.0
196.0,1.0,1.868,34.933,0.0,30.698,27.915,1460.6,1.266,7.811,339.369,3.068,2.276,503.58,0.051,34.91,1.868,93.099,1.0,1.0,0.0,1.0,0.0,0.0,0.0,0.0,0.0,0.0,0.0,0.0,0.0,0.0,0.0,0.0
197.0,1.0,1.866,34.933,0.0,30.696,27.916,1460.61,1.256,7.808,339.225,3.068,2.274,504.1,0.051,34.91,1.866,93.16,1.0,1.0,0.0,1.0,0.0,0.0,0.0,0.0,0.0,0.0,0.0,0.0,0.0,0.0,0.0,0.0
198.0,1.0,1.863,34.933,0.0,30.694,27.916,1460.61,1.338,7.804,339.083,3.068,2.273,502.93,0.051,34.91,1.863,93.07,1.0,1.0,0.0,1.0,0.0,0.0,0.0,0.0,0.0,0.0,0.0,0.0,0.0,0.0,0.0,0.0
199.0,1.0,1.858,34.933,0.0,30.69,27.916,1460.6,1.018,7.81,339.314,3.067,2.273,504.04,0.051,34.91,1.858,93.178,1.0,1.0,0.0,1.0,0.0,0.0,0.0,0.0,0.0,0.0,0.0,0.0,0.0,0.0,0.0,0.0
200.0,1.0,1.853,34.933,0.0,30.686,27.917,1460.6,1.303,7.807,339.193,3.067,2.272,504.64,0.051,34.91,1.853,93.169,1.0,1.0,0.0,1.0,0.0,0.0,0.0,0.0,0.0,0.0,0.0,0.0,0.0,0.0,0.0,0.0
201.0,1.0,1.851,34.933,0.0,30.685,27.917,1460.61,0.871,7.806,339.144,3.067,2.272,504.64,0.051,34.91,1.851,93.165,1.0,1.0,0.0,1.0,0.0,0.0,0.0,0.0,0.0,0.0,0.0,0.0,0.0,0.0,0.0,0.0
202.0,1.0,1.848,34.933,0.028,30.683,27.917,1460.61,0.778,7.816,339.589,3.067,2.272,504.64,0.051,34.91,1.848,93.179,1.0,1.0,0.0,1.0,0.0,0.0,0.0,0.0,0.0,0.0,0.0,0.0,0.0,0.0,0.0,0.0
203.0,1.0,1.847,34.933,0.027,30.683,27.917,1460.63,0.782,7.819,339.725,3.066,2.272,504.64,0.051,34.91,1.847,93.153,1.0,1.0,0.0,1.0,0.0,0.0,0.0,0.0,0.0,0.0,0.0,0.0,0.0,0.0,0.0,0.0
204.0,1.0,1.847,34.933,0.024,30.683,27.917,1460.64,0.997,7.828,340.086,3.066,2.273,504.0,0.051,34.91,1.847,93.05,1.0,1.0,0.0,1.0,0.0,0.0,0.0,0.0,0.0,0.0,0.0,0.0,0.0,0.0,0.0,0.0
205.0,1.0,1.846,34.933,0.024,30.683,27.917,1460.65,1.256,7.827,340.043,3.066,2.273,502.85,0.051,34.91,1.846,93.063,1.0,1.0,0.0,1.0,0.0,0.0,0.0,0.0,0.0,0.0,0.0,0.0,0.0,0.0,0.0,0.0
206.0,1.0,1.845,34.934,0.024,30.682,27.918,1460.66,1.3,7.833,340.32,3.066,2.274,0.0,0.051,34.91,1.845,93.159,1.0,1.0,0.0,1.0,0.0,0.0,0.0,0.0,0.0,0.0,0.0,0.0,0.0,0.0,0.0,0.0
207.0,1.0,1.845,34.934,0.02,30.683,27.918,1460.68,1.084,7.827,340.056,3.066,2.273,0.0,0.051,34.91,1.845,93.137,1.0,1.0,0.0,1.0,0.0,0.0,0.0,0.0,0.0,0.0,0.0,0.0,0.0,0.0,0.0,0.0
208.0,1.0,1.844,34.933,0.022,30.683,27.918,1460.69,1.204,7.838,340.526,3.066,2.274,504.61,0.051,34.91,1.845,93.184,1.0,1.0,0.0,1.0,0.0,0.0,0.0,0.0,0.0,0.0,0.0,0.0,0.0,0.0,0.0,0.0
209.0,1.0,1.844,34.933,0.021,30.683,27.918,1460.71,1.154,7.852,341.164,3.067,2.276,503.1,0.051,34.91,1.845,93.162,1.0,1.0,0.0,1.0,0.0,0.0,0.0,0.0,0.0,0.0,0.0,0.0,0.0,0.0,0.0,0.0
210.0,1.0,1.843,34.934,0.018,30.683,27.918,1460.72,1.057,7.851,341.116,3.066,2.276,502.62,0.051,34.91,1.844,93.184,1.0,1.0,0.0,1.0,0.0,0.0,0.0,0.0,0.0,0.0,0.0,0.0,0.0,0.0,0.0,0.0
211.0,1.0,1.843,34.934,0.023,30.683,27.918,1460.74,1.13,7.846,340.874,3.066,2.276,503.75,0.051,34.91,1.843,93.171,1.0,1.0,0.0,1.0,0.0,0.0,0.0,0.0,0.0,0.0,0.0,0.0,0.0,0.0,0.0,0.0
212.0,1.0,1.842,34.934,0.017,30.683,27.918,1460.75,1.214,7.85,341.065,3.066,2.277,0.0,0.051,34.91,1.843,93.166,1.0,1.0,0.0,1.0,0.0,0.0,0.0,0.0,0.0,0.0,0.0,0.0,0.0,0.0,0.0,0.0
213.0,1.0,1.842,34.934,0.02,30.683,27.918,1460.77,0.815,7.857,341.345,3.066,2.277,0.0,0.051,34.91,1.842,93.175,1.0,1.0,0.0,1.0,0.0,0.0,0.0,0.0,0.0,0.0,0.0,0.0,0.0,0.0,0.0,0.0
214.0,1.0,1.84,34.934,0.019,30.682,27.918,1460.77,1.105,7.854,341.209,3.066,2.277,502.65,0.051,34.91,1.841,93.184,1.0,1.0,0.0,1.0,0.0,0.0,0.0,0.0,0.0,0.0,0.0,0.0,0.0,0.0,0.0,0.0
215.0,1.0,1.837,34.934,0.024,30.679,27.918,1460.77,1.377,7.858,341.414,3.066,2.277,504.4,0.051,34.91,1.837,93.181,1.0,1.0,0.0,1.0,0.0,0.0,0.0,0.0,0.0,0.0,0.0,0.0,0.0,0.0,0.0,0.0
216.0,1.0,1.834,34.934,0.024,30.677,27.918,1460.78,0.991,7.86,341.511,3.066,2.277,504.64,0.051,34.91,1.834,93.188,1.0,1.0,0.0,1.0,0.0,0.0,0.0,0.0,0.0,0.0,0.0,0.0,0.0,0.0,0.0,0.0
217.0,1.0,1.832,34.934,0.024,30.676,27.918,1460.79,1.037,7.867,341.802,3.066,2.278,504.64,0.051,34.91,1.832,93.176,1.0,1.0,0.0,1.0,0.0,0.0,0.0,0.0,0.0,0.0,0.0,0.0,0.0,0.0,0.0,0.0
218.0,1.0,1.83,34.934,0.028,30.675,27.919,1460.79,1.38,7.882,342.447,3.066,2.28,502.75,0.051,34.91,1.83,93.1,1.0,1.0,0.0,1.0,0.0,0.0,0.0,0.0,0.0,0.0,0.0,0.0,0.0,0.0,0.0,0.0
219.0,1.0,1.823,34.934,0.025,30.67,27.919,1460.78,1.023,7.886,342.629,3.065,2.28,504.38,0.051,34.91,1.824,92.993,1.0,1.0,0.0,1.0,0.0,0.0,0.0,0.0,0.0,0.0,0.0,0.0,0.0,0.0,0.0,0.0
220.0,1.0,1.82,34.933,0.02,30.667,27.919,1460.78,0.702,7.877,342.223,3.065,2.28,505.63,0.051,34.91,1.821,93.092,1.0,1.0,0.0,1.0,0.0,0.0,0.0,0.0,0.0,0.0,0.0,0.0,0.0,0.0,0.0,0.0
221.0,1.0,1.818,34.933,0.022,30.665,27.92,1460.79,0.884,7.872,342.038,3.065,2.28,506.62,0.051,34.91,1.818,93.157,1.0,1.0,0.0,1.0,0.0,0.0,0.0,0.0,0.0,0.0,0.0,0.0,0.0,0.0,0.0,0.0
222.0,1.0,1.815,34.933,0.021,30.664,27.92,1460.79,1.415,7.867,341.814,3.064,2.279,505.4,0.051,34.91,1.815,93.134,1.0,1.0,0.0,1.0,0.0,0.0,0.0,0.0,0.0,0.0,0.0,0.0,0.0,0.0,0.0,0.0
223.0,1.0,1.808,34.933,0.0,30.658,27.92,1460.78,0.873,7.876,342.165,3.064,2.279,505.99,0.051,34.91,1.809,93.161,1.0,1.0,0.0,1.0,0.0,0.0,0.0,0.0,0.0,0.0,0.0,0.0,0.0,0.0,0.0,0.0
224.0,1.0,1.804,34.933,0.0,30.655,27.92,1460.78,0.886,7.869,341.885,3.064,2.278,507.13,0.051,34.91,1.804,93.146,1.0,1.0,0.0,1.0,0.0,0.0,0.0,0.0,0.0,0.0,0.0,0.0,0.0,0.0,0.0,0.0
225.0,1.0,1.798,34.933,0.0,30.65,27.921,1460.77,1.264,7.878,342.289,3.063,2.278,508.66,0.051,34.91,1.798,93.158,1.0,1.0,0.0,1.0,0.0,0.0,0.0,0.0,0.0,0.0,0.0,0.0,0.0,0.0,0.0,0.0
226.0,1.0,1.794,34.933,0.0,30.647,27.921,1460.77,1.045,7.885,342.568,3.063,2.278,508.15,0.051,34.91,1.795,93.178,1.0,1.0,0.0,1.0,0.0,0.0,0.0,0.0,0.0,0.0,0.0,0.0,0.0,0.0,0.0,0.0
227.0,1.0,1.792,34.933,0.0,30.645,27.921,1460.77,0.698,7.895,343.017,3.063,2.279,506.72,0.051,34.91,1.792,93.176,1.0,1.0,0.0,1.0,0.0,0.0,0.0,0.0,0.0,0.0,0.0,0.0,0.0,0.0,0.0,0.0
228.0,1.0,1.79,34.933,0.022,30.644,27.921,1460.78,0.842,7.903,343.365,3.063,2.28,508.64,0.051,34.91,1.79,93.188,1.0,1.0,0.0,1.0,0.0,0.0,0.0,0.0,0.0,0.0,0.0,0.0,0.0,0.0,0.0,0.0
229.0,1.0,1.789,34.933,0.021,30.644,27.921,1460.79,1.115,7.907,343.528,3.063,2.281,510.63,0.051,34.91,1.789,93.177,1.0,1.0,0.0,1.0,0.0,0.0,0.0,0.0,0.0,0.0,0.0,0.0,0.0,0.0,0.0,0.0
230.0,1.0,1.788,34.933,0.021,30.643,27.922,1460.81,1.391,7.905,343.462,3.062,2.282,510.67,0.051,34.91,1.788,93.174,1.0,1.0,0.0,1.0,0.0,0.0,0.0,0.0,0.0,0.0,0.0,0.0,0.0,0.0,0.0,0.0
231.0,1.0,1.787,34.933,0.018,30.642,27.922,1460.82,0.61,7.906,343.491,3.062,2.282,510.67,0.051,34.91,1.787,93.176,1.0,1.0,0.0,1.0,0.0,0.0,0.0,0.0,0.0,0.0,0.0,0.0,0.0,0.0,0.0,0.0
232.0,1.0,1.783,34.933,0.0,30.64,27.922,1460.81,0.805,7.905,343.43,3.062,2.282,510.67,0.051,34.91,1.783,93.145,1.0,1.0,0.0,1.0,0.0,0.0,0.0,0.0,0.0,0.0,0.0,0.0,0.0,0.0,0.0,0.0
233.0,1.0,1.779,34.933,0.0,30.637,27.922,1460.82,1.248,7.894,342.96,3.062,2.28,510.67,0.051,34.91,1.78,93.16,1.0,1.0,0.0,1.0,0.0,0.0,0.0,0.0,0.0,0.0,0.0,0.0,0.0,0.0,0.0,0.0
234.0,1.0,1.776,34.933,0.0,30.635,27.922,1460.82,0.772,7.896,343.065,3.062,2.28,510.67,0.051,34.909,1.777,93.169,1.0,1.0,0.0,1.0,0.0,0.0,0.0,0.0,0.0,0.0,0.0,0.0,0.0,0.0,0.0,0.0
235.0,1.0,1.772,34.932,0.0,30.631,27.922,1460.81,1.185,7.894,342.971,3.061,2.279,509.7,0.051,34.909,1.772,93.179,1.0,1.0,0.0,1.0,0.0,0.0,0.0,0.0,0.0,0.0,0.0,0.0,0.0,0.0,0.0,0.0
236.0,1.0,1.77,34.932,0.0,30.63,27.922,1460.82,1.144,7.893,342.926,3.061,2.279,508.66,0.051,34.909,1.77,93.19,1.0,1.0,0.0,1.0,0.0,0.0,0.0,0.0,0.0,0.0,0.0,0.0,0.0,0.0,0.0,0.0
237.0,1.0,1.767,34.932,0.023,30.628,27.922,1460.83,1.017,7.893,342.914,3.061,2.278,508.66,0.051,34.909,1.767,93.142,1.0,1.0,0.0,1.0,0.0,0.0,0.0,0.0,0.0,0.0,0.0,0.0,0.0,0.0,0.0,0.0
238.0,1.0,1.763,34.932,0.026,30.624,27.923,1460.82,1.34,7.884,342.538,3.061,2.277,508.66,0.051,34.909,1.763,93.161,1.0,1.0,0.0,1.0,0.0,0.0,0.0,0.0,0.0,0.0,0.0,0.0,0.0,0.0,0.0,0.0
239.0,1.0,1.761,34.932,0.023,30.623,27.923,1460.83,1.085,7.882,342.454,3.06,2.276,508.36,0.051,34.909,1.762,93.182,1.0,1.0,0.0,1.0,0.0,0.0,0.0,0.0,0.0,0.0,0.0,0.0,0.0,0.0,0.0,0.0
240.0,1.0,1.757,34.932,0.022,30.62,27.923,1460.83,0.606,7.869,341.893,3.06,2.274,506.61,0.051,34.908,1.757,93.13,1.0,1.0,0.0,1.0,0.0,0.0,0.0,0.0,0.0,0.0,0.0,0.0,0.0,0.0,0.0,0.0
241.0,1.0,1.751,34.931,0.022,30.614,27.923,1460.82,1.091,7.872,342.03,3.06,2.273,0.0,0.051,34.908,1.751,93.089,1.0,1.0,0.0,1.0,0.0,0.0,0.0,0.0,0.0,0.0,0.0,0.0,0.0,0.0,0.0,0.0
242.0,1.0,1.744,34.931,0.02,30.609,27.923,1460.81,1.111,7.863,341.627,3.059,2.271,0.0,0.051,34.908,1.744,93.144,1.0,1.0,0.0,1.0,0.0,0.0,0.0,0.0,0.0,0.0,0.0,0.0,0.0,0.0,0.0,0.0
243.0,1.0,1.74,34.931,0.024,30.606,27.924,1460.8,0.768,7.858,341.413,3.059,2.27,0.0,0.051,34.908,1.74,93.177,1.0,1.0,0.0,1.0,0.0,0.0,0.0,0.0,0.0,0.0,0.0,0.0,0.0,0.0,0.0,0.0
244.0,1.0,1.739,34.931,0.0,30.605,27.924,1460.82,1.108,7.85,341.052,3.059,2.268,0.0,0.051,34.908,1.74,93.163,1.0,1.0,0.0,1.0,0.0,0.0,0.0,0.0,0.0,0.0,0.0,0.0,0.0,0.0,0.0,0.0
245.0,1.0,1.736,34.931,0.0,30.602,27.924,1460.82,1.456,7.84,340.641,3.058,2.266,0.0,0.051,34.908,1.736,93.14,1.0,1.0,0.0,1.0,0.0,0.0,0.0,0.0,0.0,0.0,0.0,0.0,0.0,0.0,0.0,0.0
246.0,1.0,1.731,34.93,0.03,30.598,27.924,1460.81,0.933,7.843,340.76,3.058,2.265,504.67,0.051,34.907,1.731,93.167,1.0,1.0,0.0,1.0,0.0,0.0,0.0,0.0,0.0,0.0,0.0,0.0,0.0,0.0,0.0,0.0
247.0,1.0,1.727,34.93,0.024,30.595,27.924,1460.81,0.654,7.848,340.99,3.058,2.264,504.16,0.051,34.907,1.726,93.161,1.0,1.0,0.0,1.0,0.0,0.0,0.0,0.0,0.0,0.0,0.0,0.0,0.0,0.0,0.0,0.0
248.0,1.0,1.723,34.93,0.024,30.592,27.924,1460.81,1.165,7.85,341.041,3.057,2.264,502.62,0.051,34.906,1.723,93.15,1.0,1.0,0.0,1.0,0.0,0.0,0.0,0.0,0.0,0.0,0.0,0.0,0.0,0.0,0.0,0.0
249.0,1.0,1.72,34.93,0.028,30.59,27.924,1460.81,1.073,7.845,340.852,3.057,2.263,502.63,0.051,34.907,1.72,93.165,1.0,1.0,0.0,1.0,0.0,0.0,0.0,0.0,0.0,0.0,0.0,0.0,0.0,0.0,0.0,0.0
250.0,1.0,1.715,34.93,0.025,30.585,27.924,1460.8,0.861,7.839,340.597,3.057,2.262,502.63,0.051,34.906,1.714,93.183,1.0,1.0,0.0,1.0,0.0,0.0,0.0,0.0,0.0,0.0,0.0,0.0,0.0,0.0,0.0,0.0
251.0,1.0,1.702,34.929,0.017,30.574,27.925,1460.76,1.099,7.837,340.487,3.056,2.26,502.63,0.051,34.906,1.701,93.119,1.0,1.0,0.0,1.0,0.0,0.0,0.0,0.0,0.0,0.0,0.0,0.0,0.0,0.0,0.0,0.0
252.0,1.0,1.693,34.928,0.02,30.567,27.925,1460.74,0.713,7.834,340.355,3.055,2.259,502.63,0.051,34.905,1.694,93.118,1.0,1.0,0.0,1.0,0.0,0.0,0.0,0.0,0.0,0.0,0.0,0.0,0.0,0.0,0.0,0.0
253.0,1.0,1.694,34.929,0.024,30.568,27.925,1460.76,1.242,7.81,339.314,3.055,2.256,502.63,0.051,34.905,1.694,93.118,1.0,1.0,0.0,1.0,0.0,0.0,0.0,0.0,0.0,0.0,0.0,0.0,0.0,0.0,0.0,0.0
254.0,1.0,1.693,34.928,0.022,30.567,27.925,1460.77,1.296,7.792,338.55,3.055,2.253,502.63,0.051,34.905,1.693,93.138,1.0,1.0,0.0,1.0,0.0,0.0,0.0,0.0,0.0,0.0,0.0,0.0,0.0,0.0,0.0,0.0
255.0,1.0,1.691,34.928,0.016,30.566,27.925,1460.78,1.083,7.786,338.255,3.055,2.251,502.63,0.051,34.905,1.691,93.118,1.0,1.0,0.0,1.0,0.0,0.0,0.0,0.0,0.0,0.0,0.0,0.0,0.0,0.0,0.0,0.0
256.0,1.0,1.685,34.928,0.025,30.561,27.926,1460.77,0.397,7.79,338.432,3.054,2.249,502.63,0.051,34.905,1.685,93.087,1.0,1.0,0.0,1.0,0.0,0.0,0.0,0.0,0.0,0.0,0.0,0.0,0.0,0.0,0.0,0.0
257.0,1.0,1.673,34.928,0.017,30.551,27.926,1460.74,0.725,7.784,338.191,3.053,2.247,502.63,0.051,34.905,1.673,93.134,1.0,1.0,0.0,1.0,0.0,0.0,0.0,0.0,0.0,0.0,0.0,0.0,0.0,0.0,0.0,0.0
258.0,1.0,1.667,34.928,0.016,30.546,27.927,1460.72,1.052,7.786,338.298,3.053,2.246,502.63,0.051,34.904,1.667,93.159,1.0,1.0,0.0,1.0,0.0,0.0,0.0,0.0,0.0,0.0,0.0,0.0,0.0,0.0,0.0,0.0
259.0,1.0,1.663,34.928,0.016,30.542,27.927,1460.72,1.378,7.776,337.864,3.052,2.244,502.63,0.051,34.904,1.663,93.144,1.0,1.0,0.0,1.0,0.0,0.0,0.0,0.0,0.0,0.0,0.0,0.0,0.0,0.0,0.0,0.0
260.0,1.0,1.662,34.928,0.022,30.542,27.927,1460.73,0.875,7.773,337.713,3.052,2.243,502.63,0.051,34.904,1.662,93.139,1.0,1.0,0.0,1.0,0.0,0.0,0.0,0.0,0.0,0.0,0.0,0.0,0.0,0.0,0.0,0.0
261.0,1.0,1.662,34.928,0.021,30.543,27.927,1460.75,1.261,7.771,337.635,3.052,2.242,502.63,0.051,34.904,1.662,93.112,1.0,1.0,0.0,1.0,0.0,0.0,0.0,0.0,0.0,0.0,0.0,0.0,0.0,0.0,0.0,0.0
262.0,1.0,1.661,34.928,0.021,30.542,27.927,1460.76,1.004,7.759,337.115,3.052,2.24,502.63,0.051,34.904,1.661,93.135,1.0,1.0,0.0,1.0,0.0,0.0,0.0,0.0,0.0,0.0,0.0,0.0,0.0,0.0,0.0,0.0
263.0,1.0,1.657,34.927,0.019,30.539,27.927,1460.76,0.827,7.764,337.306,3.052,2.239,502.63,0.051,34.904,1.657,93.158,1.0,1.0,0.0,1.0,0.0,0.0,0.0,0.0,0.0,0.0,0.0,0.0,0.0,0.0,0.0,0.0
264.0,1.0,1.648,34.928,0.018,30.532,27.928,1460.74,1.185,7.766,337.392,3.051,2.238,502.63,0.051,34.904,1.648,93.154,1.0,1.0,0.0,1.0,0.0,0.0,0.0,0.0,0.0,0.0,0.0,0.0,0.0,0.0,0.0,0.0
265.0,1.0,1.644,34.927,0.0,30.529,27.928,1460.73,1.405,7.764,337.314,3.051,2.238,501.09,0.051,34.904,1.644,93.139,1.0,1.0,0.0,1.0,0.0,0.0,0.0,0.0,0.0,0.0,0.0,0.0,0.0,0.0,0.0,0.0
266.0,1.0,1.642,34.927,0.023,30.527,27.928,1460.74,1.104,7.766,337.414,3.051,2.237,500.58,0.051,34.904,1.642,93.159,1.0,1.0,0.0,1.0,0.0,0.0,0.0,0.0,0.0,0.0,0.0,0.0,0.0,0.0,0.0,0.0
267.0,1.0,1.628,34.927,0.023,30.515,27.929,1460.69,1.338,7.76,337.159,3.05,2.236,0.0,0.051,34.904,1.628,93.153,1.0,1.0,0.0,1.0,0.0,0.0,0.0,0.0,0.0,0.0,0.0,0.0,0.0,0.0,0.0,0.0
268.0,1.0,1.622,34.927,0.02,30.511,27.929,1460.69,1.23,7.76,337.133,3.049,2.235,0.0,0.051,34.904,1.622,93.16,1.0,1.0,0.0,1.0,0.0,0.0,0.0,0.0,0.0,0.0,0.0,0.0,0.0,0.0,0.0,0.0
269.0,1.0,1.619,34.927,0.026,30.508,27.93,1460.69,0.83,7.764,337.317,3.049,2.235,498.72,0.051,34.904,1.619,93.145,1.0,1.0,0.0,1.0,0.0,0.0,0.0,0.0,0.0,0.0,0.0,0.0,0.0,0.0,0.0,0.0
270.0,1.0,1.613,34.927,0.027,30.504,27.93,1460.68,1.099,7.763,337.286,3.049,2.234,498.6,0.051,34.903,1.614,93.147,1.0,1.0,0.0,1.0,0.0,0.0,0.0,0.0,0.0,0.0,0.0,0.0,0.0,0.0,0.0,0.0
271.0,1.0,1.61,34.926,0.018,30.5,27.93,1460.68,1.178,7.751,336.765,3.048,2.233,498.6,0.051,34.903,1.61,93.121,1.0,1.0,0.0,1.0,0.0,0.0,0.0,0.0,0.0,0.0,0.0,0.0,0.0,0.0,0.0,0.0
272.0,1.0,1.597,34.926,0.023,30.49,27.93,1460.64,1.266,7.757,337.004,3.047,2.232,498.58,0.051,34.902,1.597,93.116,1.0,1.0,0.0,1.0,0.0,0.0,0.0,0.0,0.0,0.0,0.0,0.0,0.0,0.0,0.0,0.0
273.0,1.0,1.59,34.925,0.023,30.483,27.93,1460.62,1.316,7.742,336.347,3.046,2.23,496.65,0.051,34.902,1.59,93.153,1.0,1.0,0.0,1.0,0.0,0.0,0.0,0.0,0.0,0.0,0.0,0.0,0.0,0.0,0.0,0.0
274.0,1.0,1.587,34.925,0.021,30.481,27.93,1460.63,1.365,7.728,335.741,3.046,2.228,496.59,0.051,34.902,1.587,93.116,1.0,1.0,0.0,1.0,0.0,0.0,0.0,0.0,0.0,0.0,0.0,0.0,0.0,0.0,0.0,0.0
275.0,1.0,1.585,34.925,0.016,30.48,27.931,1460.64,0.98,7.717,335.284,3.046,2.225,496.59,0.051,34.902,1.586,93.136,1.0,1.0,0.0,1.0,0.0,0.0,0.0,0.0,0.0,0.0,0.0,0.0,0.0,0.0,0.0,0.0
276.0,1.0,1.581,34.925,0.0,30.477,27.931,1460.64,1.077,7.707,334.839,3.046,2.223,496.59,0.051,34.901,1.582,93.078,1.0,1.0,0.0,1.0,0.0,0.0,0.0,0.0,0.0,0.0,0.0,0.0,0.0,0.0,0.0,0.0
277.0,1.0,1.576,34.925,0.0,30.472,27.931,1460.62,1.26,7.704,334.703,3.045,2.221,496.25,0.051,34.901,1.576,93.151,1.0,1.0,0.0,1.0,0.0,0.0,0.0,0.0,0.0,0.0,0.0,0.0,0.0,0.0,0.0,0.0
278.0,1.0,1.567,34.925,0.016,30.466,27.932,1460.61,1.233,7.705,334.742,3.045,2.219,493.99,0.051,34.901,1.568,93.119,1.0,1.0,0.0,1.0,0.0,0.0,0.0,0.0,0.0,0.0,0.0,0.0,0.0,0.0,0.0,0.0
279.0,1.0,1.564,34.925,0.022,30.463,27.932,1460.61,1.365,7.704,334.732,3.044,2.218,492.78,0.051,34.901,1.564,93.142,1.0,1.0,0.0,1.0,0.0,0.0,0.0,0.0,0.0,0.0,0.0,0.0,0.0,0.0,0.0,0.0
280.0,1.0,1.558,34.924,0.023,30.458,27.932,1460.6,0.979,7.71,334.959,3.044,2.218,494.56,0.051,34.901,1.558,93.151,1.0,1.0,0.0,1.0,0.0,0.0,0.0,0.0,0.0,0.0,0.0,0.0,0.0,0.0,0.0,0.0
281.0,1.0,1.54,34.924,0.021,30.443,27.933,1460.53,1.127,7.712,335.076,3.042,2.217,494.61,0.051,34.9,1.54,93.137,1.0,1.0,0.0,1.0,0.0,0.0,0.0,0.0,0.0,0.0,0.0,0.0,0.0,0.0,0.0,0.0
282.0,1.0,1.531,34.924,0.016,30.435,27.933,1460.51,1.194,7.703,334.68,3.042,2.216,0.0,0.051,34.9,1.531,93.141,1.0,1.0,0.0,1.0,0.0,0.0,0.0,0.0,0.0,0.0,0.0,0.0,0.0,0.0,0.0,0.0
283.0,1.0,1.525,34.923,0.016,30.43,27.934,1460.5,1.338,7.693,334.219,3.041,2.214,0.0,0.051,34.9,1.525,93.09,1.0,1.0,0.0,1.0,0.0,0.0,0.0,0.0,0.0,0.0,0.0,0.0,0.0,0.0,0.0,0.0
284.0,1.0,1.523,34.923,0.018,30.428,27.934,1460.5,1.399,7.691,334.163,3.041,2.213,496.53,0.051,34.9,1.522,93.037,1.0,1.0,0.0,1.0,0.0,0.0,0.0,0.0,0.0,0.0,0.0,0.0,0.0,0.0,0.0,0.0
285.0,1.0,1.516,34.923,0.023,30.423,27.934,1460.49,0.983,7.689,334.061,3.04,2.212,496.59,0.051,34.9,1.516,93.092,1.0,1.0,0.0,1.0,0.0,0.0,0.0,0.0,0.0,0.0,0.0,0.0,0.0,0.0,0.0,0.0
286.0,1.0,1.512,34.923,0.017,30.42,27.934,1460.49,1.281,7.689,334.039,3.04,2.211,496.59,0.051,34.9,1.513,93.116,1.0,1.0,0.0,1.0,0.0,0.0,0.0,0.0,0.0,0.0,0.0,0.0,0.0,0.0,0.0,0.0
287.0,1.0,1.507,34.923,0.018,30.416,27.935,1460.48,1.375,7.694,334.298,3.04,2.21,496.59,0.051,34.899,1.507,93.044,1.0,1.0,0.0,1.0,0.0,0.0,0.0,0.0,0.0,0.0,0.0,0.0,0.0,0.0,0.0,0.0
288.0,1.0,1.504,34.923,0.019,30.414,27.935,1460.49,1.164,7.69,334.115,3.039,2.209,497.31,0.051,34.899,1.504,93.112,1.0,1.0,0.0,1.0,0.0,0.0,0.0,0.0,0.0,0.0,0.0,0.0,0.0,0.0,0.0,0.0
289.0,1.0,1.503,34.923,0.021,30.413,27.935,1460.5,1.018,7.688,334.003,3.039,2.209,498.68,0.051,34.899,1.503,93.1,1.0,1.0,0.0,1.0,0.0,0.0,0.0,0.0,0.0,0.0,0.0,0.0,0.0,0.0,0.0,0.0
290.0,1.0,1.496,34.923,0.017,30.408,27.935,1460.49,1.291,7.684,333.82,3.039,2.208,500.58,0.051,34.899,1.497,93.082,1.0,1.0,0.0,1.0,0.0,0.0,0.0,0.0,0.0,0.0,0.0,0.0,0.0,0.0,0.0,0.0
291.0,1.0,1.469,34.922,0.016,30.384,27.937,1460.38,0.902,7.676,333.474,3.036,2.206,500.61,0.051,34.898,1.468,93.068,1.0,1.0,0.0,1.0,0.0,0.0,0.0,0.0,0.0,0.0,0.0,0.0,0.0,0.0,0.0,0.0
292.0,1.0,1.442,34.921,0.02,30.36,27.938,1460.28,1.122,7.678,333.596,3.034,2.204,501.13,0.051,34.897,1.442,93.034,1.0,1.0,0.0,1.0,0.0,0.0,0.0,0.0,0.0,0.0,0.0,0.0,0.0,0.0,0.0,0.0
293.0,1.0,1.431,34.92,0.028,30.35,27.938,1460.24,1.264,7.669,333.192,3.033,2.202,503.2,0.051,34.897,1.43,93.027,1.0,1.0,0.0,1.0,0.0,0.0,0.0,0.0,0.0,0.0,0.0,0.0,0.0,0.0,0.0,0.0
294.0,1.0,1.408,34.92,0.023,30.329,27.939,1460.15,1.177,7.66,332.811,3.031,2.2,505.1,0.051,34.896,1.408,92.976,1.0,1.0,0.0,1.0,0.0,0.0,0.0,0.0,0.0,0.0,0.0,0.0,0.0,0.0,0.0,0.0
295.0,1.0,1.385,34.919,0.018,30.309,27.94,1460.07,0.769,7.649,332.33,3.029,2.197,506.67,0.051,34.895,1.386,92.942,1.0,1.0,0.0,1.0,0.0,0.0,0.0,0.0,0.0,0.0,0.0,0.0,0.0,0.0,0.0,0.0
296.0,1.0,1.361,34.918,0.021,30.288,27.941,1459.97,0.804,7.628,331.411,3.027,2.193,506.65,0.051,34.895,1.36,92.851,1.0,1.0,0.0,1.0,0.0,0.0,0.0,0.0,0.0,0.0,0.0,0.0,0.0,0.0,0.0,0.0
297.0,1.0,1.332,34.917,0.018,30.263,27.943,1459.86,0.989,7.623,331.19,3.025,2.19,507.62,0.051,34.894,1.333,91.771,1.0,1.0,0.0,1.0,0.0,0.0,0.0,0.0,0.0,0.0,0.0,0.0,0.0,0.0,0.0,0.0
298.0,1.0,1.319,34.917,0.022,30.252,27.943,1459.82,1.304,7.62,331.055,3.023,2.188,510.02,0.051,34.893,1.32,92.701,1.0,1.0,0.0,1.0,0.0,0.0,0.0,0.0,0.0,0.0,0.0,0.0,0.0,0.0,0.0,0.0
299.0,1.0,1.303,34.916,0.018,30.238,27.944,1459.77,1.023,7.604,330.339,3.022,2.184,511.75,0.051,34.892,1.302,92.434,1.0,1.0,0.0,1.0,0.0,0.0,0.0,0.0,0.0,0.0,0.0,0.0,0.0,0.0,0.0,0.0
300.0,1.0,1.297,34.916,0.02,30.233,27.944,1459.75,0.767,7.579,329.29,3.021,2.18,513.27,0.051,34.892,1.296,92.281,1.0,1.0,0.0,1.0,0.0,0.0,0.0,0.0,0.0,0.0,0.0,0.0,0.0,0.0,0.0,0.0
301.0,1.0,1.295,34.916,0.016,30.232,27.944,1459.76,1.021,7.573,329.03,3.021,2.176,514.71,0.051,34.892,1.294,92.255,1.0,1.0,0.0,1.0,0.0,0.0,0.0,0.0,0.0,0.0,0.0,0.0,0.0,0.0,0.0,0.0
302.0,1.0,1.29,34.916,0.016,30.228,27.945,1459.76,1.264,7.569,328.862,3.021,2.174,516.76,0.051,34.892,1.29,92.03,1.0,1.0,0.0,1.0,0.0,0.0,0.0,0.0,0.0,0.0,0.0,0.0,0.0,0.0,0.0,0.0
303.0,1.0,1.286,34.916,0.0,30.225,27.945,1459.76,1.197,7.563,328.6,3.021,2.172,519.03,0.051,34.892,1.286,91.818,1.0,1.0,0.0,1.0,0.0,0.0,0.0,0.0,0.0,0.0,0.0,0.0,0.0,0.0,0.0,0.0
304.0,1.0,1.287,34.916,0.0,30.226,27.945,1459.77,1.302,7.553,328.17,3.021,2.169,521.38,0.051,34.892,1.287,91.67,1.0,1.0,0.0,1.0,0.0,0.0,0.0,0.0,0.0,0.0,0.0,0.0,0.0,0.0,0.0,0.0
305.0,1.0,1.286,34.916,0.028,30.226,27.945,1459.79,1.211,7.552,328.092,3.021,2.167,522.75,0.051,34.892,1.287,91.531,1.0,1.0,0.0,1.0,0.0,0.0,0.0,0.0,0.0,0.0,0.0,0.0,0.0,0.0,0.0,0.0
306.0,1.0,1.286,34.916,0.024,30.227,27.945,1459.8,1.347,7.548,327.925,3.021,2.166,524.45,0.051,34.892,1.287,91.514,1.0,1.0,0.0,1.0,0.0,0.0,0.0,0.0,0.0,0.0,0.0,0.0,0.0,0.0,0.0,0.0
307.0,1.0,1.286,34.916,0.03,30.227,27.945,1459.82,0.754,7.547,327.886,3.021,2.165,525.76,0.051,34.892,1.287,91.462,1.0,1.0,0.0,1.0,0.0,0.0,0.0,0.0,0.0,0.0,0.0,0.0,0.0,0.0,0.0,0.0
308.0,1.0,1.287,34.916,0.026,30.228,27.945,1459.84,1.216,7.545,327.813,3.021,2.164,528.22,0.051,34.893,1.287,91.33,1.0,1.0,0.0,1.0,0.0,0.0,0.0,0.0,0.0,0.0,0.0,0.0,0.0,0.0,0.0,0.0
309.0,1.0,1.287,34.916,0.022,30.229,27.945,1459.86,0.89,7.547,327.876,3.021,2.163,532.76,0.051,34.892,1.287,91.058,1.0,1.0,0.0,1.0,0.0,0.0,0.0,0.0,0.0,0.0,0.0,0.0,0.0,0.0,0.0,0.0
310.0,1.0,1.286,34.916,0.028,30.229,27.945,1459.87,0.793,7.531,327.207,3.021,2.161,535.52,0.051,34.892,1.287,90.912,1.0,1.0,0.0,1.0,0.0,0.0,0.0,0.0,0.0,0.0,0.0,0.0,0.0,0.0,0.0,0.0
311.0,1.0,1.287,34.916,0.023,30.229,27.945,1459.89,1.115,7.534,327.301,3.021,2.16,538.25,0.051,34.893,1.287,90.99,1.0,1.0,0.0,1.0,0.0,0.0,0.0,0.0,0.0,0.0,0.0,0.0,0.0,0.0,0.0,0.0
312.0,1.0,1.287,34.916,0.018,30.23,27.945,1459.91,1.28,7.54,327.604,3.021,2.16,540.79,0.051,34.893,1.287,91.006,1.0,1.0,0.0,1.0,0.0,0.0,0.0,0.0,0.0,0.0,0.0,0.0,0.0,0.0,0.0,0.0
313.0,1.0,1.288,34.916,0.023,30.231,27.945,1459.93,1.336,7.538,327.506,3.021,2.16,542.63,0.051,34.892,1.288,91.0,1.0,1.0,0.0,1.0,0.0,0.0,0.0,0.0,0.0,0.0,0.0,0.0,0.0,0.0,0.0,0.0
314.0,1.0,1.288,34.916,0.023,30.231,27.945,1459.94,0.8,7.544,327.753,3.021,2.16,544.05,0.051,34.893,1.288,90.937,1.0,1.0,0.0,1.0,0.0,0.0,0.0,0.0,0.0,0.0,0.0,0.0,0.0,0.0,0.0,0.0
315.0,1.0,1.287,34.916,0.023,30.232,27.945,1459.96,1.037,7.54,327.593,3.021,2.16,545.71,0.051,34.892,1.288,90.945,1.0,1.0,0.0,1.0,0.0,0.0,0.0,0.0,0.0,0.0,0.0,0.0,0.0,0.0,0.0,0.0
316.0,1.0,1.287,34.916,0.027,30.232,27.945,1459.97,1.386,7.536,327.401,3.021,2.159,547.53,0.051,34.893,1.288,90.945,1.0,1.0,0.0,1.0,0.0,0.0,0.0,0.0,0.0,0.0,0.0,0.0,0.0,0.0,0.0,0.0
317.0,1.0,1.287,34.916,0.028,30.232,27.945,1459.99,0.676,7.531,327.204,3.021,2.158,549.74,0.051,34.892,1.288,90.98,1.0,1.0,0.0,1.0,0.0,0.0,0.0,0.0,0.0,0.0,0.0,0.0,0.0,0.0,0.0,0.0
318.0,1.0,1.287,34.916,0.024,30.233,27.945,1460.01,0.858,7.53,327.143,3.021,2.158,552.55,0.051,34.893,1.288,90.983,1.0,1.0,0.0,1.0,0.0,0.0,0.0,0.0,0.0,0.0,0.0,0.0,0.0,0.0,0.0,0.0
319.0,1.0,1.287,34.916,0.027,30.233,27.945,1460.02,1.105,7.525,326.928,3.022,2.157,554.95,0.051,34.892,1.288,90.96,1.0,1.0,0.0,1.0,0.0,0.0,0.0,0.0,0.0,0.0,0.0,0.0,0.0,0.0,0.0,0.0
320.0,1.0,1.287,34.916,0.0,30.234,27.945,1460.04,1.406,7.524,326.9,3.022,2.156,556.31,0.051,34.892,1.288,90.959,1.0,1.0,0.0,1.0,0.0,0.0,0.0,0.0,0.0,0.0,0.0,0.0,0.0,0.0,0.0,0.0
